# timestamps [seconds],pts
329353.719483,0
329353.954056,15372
329353.987566,17568
329354.021076,19764
329354.054587,21961
329354.088097,24157
329354.121608,26353
329354.155118,28549
329354.188628,30745
329354.222139,32941
329354.255649,35137
329354.289160,37333
329354.322670,39529
329354.356180,41725
329354.389691,43922
329354.423201,46118
329354.456712,48314
329354.490222,50510
329354.523732,52706
329354.557243,54902
329354.590753,57098
329354.624264,59294
329354.657774,61490
329354.691284,63686
329354.724795,65883
329354.758305,68079
329354.791816,70275
329354.825326,72471
329354.858836,74667
329354.892347,76863
329354.925857,79059
329354.959368,81255
329354.992878,83451
329355.026388,85648
329355.059899,87844
329355.093409,90040
329355.126920,92236
329355.160430,94432
329355.193940,96628
329355.227451,98824
329355.260961,101020
329355.294472,103216
329355.327982,105412
329355.361492,107609
329355.395003,109805
329355.428513,112001
329355.462024,114197
329355.495534,116393
329355.529044,118589
329355.562555,120785
329355.596065,122981
329355.629576,125177
329355.663086,127374
329355.696596,129570
329355.730107,131766
329355.763617,133962
329355.797128,136158
329355.830638,138354
329355.864148,140550
329355.897659,142746
329355.931169,144942
329355.964680,147138
329355.998190,149335
329356.031700,151531
329356.065211,153727
329356.098721,155923
329356.132232,158119
329356.165742,160315
329356.199252,162511
329356.232763,164707
329356.266273,166903
329356.299784,169100
329356.333294,171296
329356.366804,173492
329356.400315,175688
329356.433825,177884
329356.467336,180080
329356.500846,182276
329356.534356,184472
329356.567867,186668
329356.601377,188864
329356.634888,191061
329356.668398,193257
329356.701908,195453
329356.735419,197649
329356.768929,199845
329356.802440,202041
329356.835950,204237
329356.869460,206433
329356.902971,208629
329356.936481,210825
329356.969992,213022
329357.003502,215218
329357.037012,217414
329357.070523,219610
329357.104033,221806
329357.137544,224002
329357.171054,226198
329357.204564,228394
329357.238075,230590
329357.271585,232787
329357.305096,234983
329357.338606,237179
329357.372116,239375
329357.405627,241571
329357.439137,243767
329357.472648,245963
329357.506158,248159
329357.539668,250355
329357.573179,252551
329357.606689,254748
329357.640200,256944
329357.673710,259140
329357.707220,261336
329357.740731,263532
329357.774241,265728
329357.807752,267924
329357.841262,270120
329357.874772,272316
329357.908283,274513
329357.941793,276709
329357.975304,278905
329358.008814,281101
329358.042324,283297
329358.075835,285493
329358.109345,287689
329358.142856,289885
329358.176366,292081
329358.209876,294277
329358.243387,296474
329358.276897,298670
329358.310408,300866
329358.343918,303062
329358.377428,305258
329358.410939,307454
329358.444449,309650
329358.477960,311846
329358.511470,314042
329358.544980,316238
329358.578491,318435
329358.612001,320631
329358.645512,322827
329358.679022,325023
329358.712532,327219
329358.746043,329415
329358.779553,331611
329358.813064,333807
329358.846574,336003
329358.880084,338199
329358.913595,340396
329358.947105,342592
329358.980616,344788
329359.014126,346984
329359.047636,349180
329359.081147,351376
329359.114657,353572
329359.148168,355768
329359.181678,357964
329359.215188,360161
329359.248699,362357
329359.282209,364553
329359.315720,366749
329359.349230,368945
329359.382740,371141
329359.416251,373337
329359.449761,375533
329359.483272,377729
329359.516782,379925
329359.550292,382122
329359.583803,384318
329359.617313,386514
329359.650824,388710
329359.684334,390906
329359.717844,393102
329359.751355,395298
329359.784865,397494
329359.818376,399690
329359.851886,401887
329359.885396,404083
329359.918907,406279
329359.952417,408475
329359.985928,410671
329360.019438,412867
329360.052948,415063
329360.086459,417259
329360.119969,419455
329360.153480,421651
329360.186990,423848
329360.220500,426044
329360.254011,428240
329360.287521,430436
329360.321032,432632
329360.354542,434828
329360.388052,437024
329360.421563,439220
329360.455073,441416
329360.488584,443613
329360.522094,445809
329360.555604,448005
329360.589115,450201
329360.622625,452397
329360.656136,454593
329360.689646,456789
329360.723156,458985
329360.756667,461181
329360.790177,463377
329360.823688,465574
329360.857198,467770
329360.890708,469966
329360.924219,472162
329360.957729,474358
329360.991240,476554
329361.024750,478750
329361.058260,480946
329361.091771,483142
329361.125281,485338
329361.158792,487535
329361.192302,489731
329361.225812,491927
329361.259323,494123
329361.292833,496319
329361.326344,498515
329361.359854,500711
329361.393364,502907
329361.426875,505103
329361.460385,507300
329361.493896,509496
329361.527406,511692
329361.560916,513888
329361.594427,516084
329361.627937,518280
329361.661448,520476
329361.694958,522672
329361.728468,524868
329361.761979,527064
329361.795489,529261
329361.829000,531457
329361.862510,533653
329361.896020,535849
329361.929531,538045
329361.963041,540241
329361.996552,542437
329362.030062,544633
329362.063572,546829
329362.097083,549026
329362.130593,551222
329362.164104,553418
329362.197614,555614
329362.231124,557810
329362.264635,560006
329362.298145,562202
329362.331656,564398
329362.365166,566594
329362.398676,568790
329362.432187,570987
329362.465697,573183
329362.499208,575379
329362.532718,577575
329362.566228,579771
329362.599739,581967
329362.633249,584163
329362.666760,586359
329362.700270,588555
329362.733780,590751
329362.767291,592948
329362.800801,595144
329362.834312,597340
329362.867822,599536
329362.901332,601732
329362.934843,603928
329362.968353,606124
329363.001864,608320
329363.035374,610516
329363.068884,612712
329363.102395,614909
329363.135905,617105
329363.169416,619301
329363.202926,621497
329363.236436,623693
329363.269947,625889
329363.303457,628085
329363.336968,630281
329363.370478,632477
329363.403988,634674
329363.437499,636870
329363.471009,639066
329363.504520,641262
329363.538030,643458
329363.571540,645654
329363.605051,647850
329363.638561,650046
329363.672072,652242
329363.705582,654438
329363.739092,656635
329363.772603,658831
329363.806113,661027
329363.839624,663223
329363.873134,665419
329363.906644,667615
329363.940155,669811
329363.973665,672007
329364.007176,674203
329364.040686,676400
329364.074196,678596
329364.107707,680792
329364.141217,682988
329364.174728,685184
329364.208238,687380
329364.241748,689576
329364.275259,691772
329364.308769,693968
329364.342280,696165
329364.375790,698361
329364.409300,700557
329364.442811,702753
329364.476321,704949
329364.509832,707145
329364.543342,709341
329364.576852,711537
329364.610363,713733
329364.643873,715929
329364.677384,718126
329364.710894,720322
329364.744404,722518
329364.777915,724714
329364.811425,726910
329364.844936,729106
329364.878446,731302
329364.911956,733498
329364.945467,735694
329364.978977,737890
329365.012488,740087
329365.045998,742283
329365.079508,744479
329365.113019,746675
329365.146529,748871
329365.180040,751067
329365.213550,753263
329365.247060,755459
329365.280571,757655
329365.314081,759851
329365.347592,762048
329365.381102,764244
329365.414612,766440
329365.448123,768636
329365.481633,770832
329365.515144,773028
329365.548654,775224
329365.582164,777420
329365.615675,779616
329365.649185,781813
329365.682696,784009
329365.716206,786205
329365.749716,788401
329365.783227,790597
329365.816737,792793
329365.850248,794989
329365.883758,797185
329365.917268,799381
329365.950779,801577
329365.984289,803774
329366.017800,805970
329366.051310,808166
329366.084820,810362
329366.118331,812558
329366.151841,814754
329366.185352,816950
329366.218862,819146
329366.252372,821342
329366.285883,823539
329366.319393,825735
329366.352904,827931
329366.386414,830127
329366.419924,832323
329366.453435,834519
329366.486945,836715
329366.520456,838911
329366.553966,841107
329366.587476,843303
329366.620987,845500
329366.654497,847696
329366.688008,849892
329366.721518,852088
329366.755028,854284
329366.788539,856480
329366.822049,858676
329366.855560,860872
329366.889070,863068
329366.922580,865264
329366.956091,867461
329366.989601,869657
329367.023112,871853
329367.056622,874049
329367.090132,876245
329367.123643,878441
329367.157153,880637
329367.190664,882833
329367.224174,885029
329367.257684,887226
329367.291195,889422
329367.324705,891618
329367.358216,893814
329367.391726,896010
329367.425236,898206
329367.458747,900402
329367.492257,902598
329367.525768,904794
329367.559278,906990
329367.592788,909187
329367.626299,911383
329367.659809,913579
329367.693320,915775
329367.726830,917971
329367.760340,920167
329367.793851,922363
329367.827361,924559
329367.860872,926755
329367.894382,928952
329367.927892,931148
329367.961403,933344
329367.994913,935540
329368.028424,937736
329368.061934,939932
329368.095444,942128
329368.128955,944324
329368.162465,946520
329368.195976,948716
329368.229486,950913
329368.262996,953109
329368.296507,955305
329368.330017,957501
329368.363528,959697
329368.397038,961893
329368.430548,964089
329368.464059,966285
329368.497569,968481
329368.531080,970678
329368.564590,972874
329368.598100,975070
329368.631611,977266
329368.665121,979462
329368.698632,981658
329368.732142,983854
329368.765652,986050
329368.799163,988246
329368.832673,990442
329368.866184,992639
329368.899694,994835
329368.933204,997031
329368.966715,999227
329369.000225,1001423
329369.033736,1003619
329369.067246,1005815
329369.100756,1008011
329369.134267,1010207
329369.167777,1012403
329369.201288,1014600
329369.234798,1016796
329369.268308,1018992
329369.301819,1021188
329369.335329,1023384
329369.368840,1025580
329369.402350,1027776
329369.435860,1029972
329369.469371,1032168
329369.502881,1034364
329369.536392,1036561
329369.569902,1038757
329369.603412,1040953
329369.636923,1043149
329369.670433,1045345
329369.703944,1047541
329369.737454,1049737
329369.770964,1051933
329369.804475,1054129
329369.837985,1056326
329369.871496,1058522
329369.905006,1060718
329369.938516,1062914
329369.972027,1065110
329370.005537,1067306
329370.039048,1069502
329370.072558,1071698
329370.106068,1073894
329370.139579,1076090
329370.173089,1078287
329370.206600,1080483
329370.240110,1082679
329370.273620,1084875
329370.307131,1087071
329370.340641,1089267
329370.374152,1091463
329370.407662,1093659
329370.441172,1095855
329370.474683,1098052
329370.508193,1100248
329370.541704,1102444
329370.575214,1104640
329370.608724,1106836
329370.642235,1109032
329370.675745,1111228
329370.709256,1113424
329370.742766,1115620
329370.776276,1117816
329370.809787,1120013
329370.843297,1122209
329370.876808,1124405
329370.910318,1126601
329370.943828,1128797
329370.977339,1130993
329371.010849,1133189
329371.044360,1135385
329371.077870,1137581
329371.111380,1139777
329371.144891,1141974
329371.178401,1144170
329371.211912,1146366
329371.245422,1148562
329371.278932,1150758
329371.312443,1152954
329371.345953,1155150
329371.379464,1157346
329371.412974,1159542
329371.446484,1161739
329371.479995,1163935
329371.513505,1166131
329371.547016,1168327
329371.580526,1170523
329371.614036,1172719
329371.647547,1174915
329371.681057,1177111
329371.714568,1179307
329371.748078,1181503
329371.781588,1183700
329371.815099,1185896
329371.848609,1188092
329371.882120,1190288
329371.915630,1192484
329371.949140,1194680
329371.982651,1196876
329372.016161,1199072
329372.049672,1201268
329372.083182,1203465
329372.116692,1205661
329372.150203,1207857
329372.183713,1210053
329372.217224,1212249
329372.250734,1214445
329372.284244,1216641
329372.317755,1218837
329372.351265,1221033
329372.384776,1223229
329372.418286,1225426
329372.451796,1227622
329372.485307,1229818
329372.518817,1232014
329372.552328,1234210
329372.585838,1236406
329372.619348,1238602
329372.652859,1240798
329372.686369,1242994
329372.719880,1245191
329372.753390,1247387
329372.786900,1249583
329372.820411,1251779
329372.853921,1253975
329372.887432,1256171
329372.920942,1258367
329372.954452,1260563
329372.987963,1262759
329373.021473,1264955
329373.054984,1267152
329373.088494,1269348
329373.122004,1271544
329373.155515,1273740
329373.189025,1275936
329373.222536,1278132
329373.256046,1280328
329373.289556,1282524
329373.323067,1284720
329373.356577,1286916
329373.390088,1289113
329373.423598,1291309
329373.457108,1293505
329373.490619,1295701
329373.524129,1297897
329373.557640,1300093
329373.591150,1302289
329373.624660,1304485
329373.658171,1306681
329373.691681,1308877
329373.725192,1311074
329373.758702,1313270
329373.792212,1315466
329373.825723,1317662
329373.859233,1319858
329373.892744,1322054
329373.926254,1324250
329373.959764,1326446
329373.993275,1328642
329374.026785,1330839
329374.060296,1333035
329374.093806,1335231
329374.127316,1337427
329374.160827,1339623
329374.194337,1341819
329374.227848,1344015
329374.261358,1346211
329374.294868,1348407
329374.328379,1350603
329374.361889,1352800
329374.395400,1354996
329374.428910,1357192
329374.462420,1359388
329374.495931,1361584
329374.529441,1363780
329374.562952,1365976
329374.596462,1368172
329374.629972,1370368
329374.663483,1372565
329374.696993,1374761
329374.730504,1376957
329374.764014,1379153
329374.797524,1381349
329374.831035,1383545
329374.864545,1385741
329374.898056,1387937
329374.931566,1390133
329374.965076,1392329
329374.998587,1394526
329375.032097,1396722
329375.065608,1398918
329375.099118,1401114
329375.132628,1403310
329375.166139,1405506
329375.199649,1407702
329375.233160,1409898
329375.266670,1412094
329375.300180,1414290
329375.333691,1416487
329375.367201,1418683
329375.400712,1420879
329375.434222,1423075
329375.467732,1425271
329375.501243,1427467
329375.534753,1429663
329375.568264,1431859
329375.601774,1434055
329375.635284,1436252
329375.668795,1438448
329375.702305,1440644
329375.735816,1442840
329375.769326,1445036
329375.802836,1447232
329375.836347,1449428
329375.869857,1451624
329375.903368,1453820
329375.936878,1456016
329375.970388,1458213
329376.003899,1460409
329376.037409,1462605
329376.070920,1464801
329376.104430,1466997
329376.137940,1469193
329376.171451,1471389
329376.204961,1473585
329376.238472,1475781
329376.271982,1477978
329376.305492,1480174
329376.339003,1482370
329376.372513,1484566
329376.406024,1486762
329376.439534,1488958
329376.473044,1491154
329376.506555,1493350
329376.540065,1495546
329376.573576,1497742
329376.607086,1499939
329376.640596,1502135
329376.674107,1504331
329376.707617,1506527
329376.741128,1508723
329376.774638,1510919
329376.808148,1513115
329376.841659,1515311
329376.875169,1517507
329376.908680,1519704
329376.942190,1521900
329376.975700,1524096
329377.009211,1526292
329377.042721,1528488
329377.076232,1530684
329377.109742,1532880
329377.143252,1535076
329377.176763,1537272
329377.210273,1539468
329377.243784,1541665
329377.277294,1543861
329377.310804,1546057
329377.344315,1548253
329377.377825,1550449
329377.411336,1552645
329377.444846,1554841
329377.478356,1557037
329377.511867,1559233
329377.545377,1561429
329377.578888,1563626
329377.612398,1565822
329377.645908,1568018
329377.679419,1570214
329377.712929,1572410
329377.746440,1574606
329377.779950,1576802
329377.813460,1578998
329377.846971,1581194
329377.880481,1583391
329377.913992,1585587
329377.947502,1587783
329377.981012,1589979
329378.014523,1592175
329378.048033,1594371
329378.081544,1596567
329378.115054,1598763
329378.148564,1600959
329378.182075,1603155
329378.215585,1605352
329378.249096,1607548
329378.282606,1609744
329378.316116,1611940
329378.349627,1614136
329378.383137,1616332
329378.416648,1618528
329378.450158,1620724
329378.483668,1622920
329378.517179,1625117
329378.550689,1627313
329378.584200,1629509
329378.617710,1631705
329378.651220,1633901
329378.684731,1636097
329378.718241,1638293
329378.751752,1640489
329378.785262,1642685
329378.818772,1644881
329378.852283,1647078
329378.885793,1649274
329378.919304,1651470
329378.952814,1653666
329378.986324,1655862
329379.019835,1658058
329379.053345,1660254
329379.086856,1662450
329379.120366,1664646
329379.153876,1666842
329379.187387,1669039
329379.220897,1671235
329379.254408,1673431
329379.287918,1675627
329379.321428,1677823
329379.354939,1680019
329379.388449,1682215
329379.421960,1684411
329379.455470,1686607
329379.488980,1688803
329379.522491,1691000
329379.556001,1693196
329379.589512,1695392
329379.623022,1697588
329379.656532,1699784
329379.690043,1701980
329379.723553,1704176
329379.757064,1706372
329379.790574,1708568
329379.824084,1710765
329379.857595,1712961
329379.891105,1715157
329379.924616,1717353
329379.958126,1719549
329379.991636,1721745
329380.025147,1723941
329380.058657,1726137
329380.092168,1728333
329380.125678,1730529
329380.159188,1732726
329380.192699,1734922
329380.226209,1737118
329380.259720,1739314
329380.293230,1741510
329380.326740,1743706
329380.360251,1745902
329380.393761,1748098
329380.427272,1750294
329380.460782,1752491
329380.494292,1754687
329380.527803,1756883
329380.561313,1759079
329380.594824,1761275
329380.628334,1763471
329380.661844,1765667
329380.695355,1767863
329380.728865,1770059
329380.762376,1772255
329380.795886,1774452
329380.829396,1776648
329380.862907,1778844
329380.896417,1781040
329380.929928,1783236
329380.963438,1785432
329380.996948,1787628
329381.030459,1789824
329381.063969,1792020
329381.097480,1794217
329381.130990,1796413
329381.164500,1798609
329381.198011,1800805
329381.231521,1803001
329381.265032,1805197
329381.298542,1807393
329381.332052,1809589
329381.365563,1811785
329381.399073,1813981
329381.432584,1816178
329381.466094,1818374
329381.499604,1820570
329381.533115,1822766
329381.566625,1824962
329381.600136,1827158
329381.633646,1829354
329381.667156,1831550
329381.700667,1833746
329381.734177,1835942
329381.767688,1838139
329381.801198,1840335
329381.834708,1842531
329381.868219,1844727
329381.901729,1846923
329381.935240,1849119
329381.968750,1851315
329382.002260,1853511
329382.035771,1855707
329382.069281,1857904
329382.102792,1860100
329382.136302,1862296
329382.169812,1864492
329382.203323,1866688
329382.236833,1868884
329382.270344,1871080
329382.303854,1873276
329382.337364,1875472
329382.370875,1877668
329382.404385,1879865
329382.437896,1882061
329382.471406,1884257
329382.504916,1886453
329382.538427,1888649
329382.571937,1890845
329382.605448,1893041
329382.638958,1895237
329382.672468,1897433
329382.705979,1899630
329382.739489,1901826
329382.773000,1904022
329382.806510,1906218
329382.840020,1908414
329382.873531,1910610
329382.907041,1912806
329382.940552,1915002
329382.974062,1917198
329383.007572,1919394
329383.041083,1921591
329383.074593,1923787
329383.108104,1925983
329383.141614,1928179
329383.175124,1930375
329383.208635,1932571
329383.242145,1934767
329383.275656,1936963
329383.309166,1939159
329383.342676,1941355
329383.376187,1943552
329383.409697,1945748
329383.443208,1947944
329383.476718,1950140
329383.510228,1952336
329383.543739,1954532
329383.577249,1956728
329383.610760,1958924
329383.644270,1961120
329383.677780,1963316
329383.711291,1965513
329383.744801,1967709
329383.778312,1969905
329383.811822,1972101
329383.845332,1974297
329383.878843,1976493
329383.912353,1978689
329383.945864,1980885
329383.979374,1983081
329384.012884,1985278
329384.046395,1987474
329384.079905,1989670
329384.113416,1991866
329384.146926,1994062
329384.180436,1996258
329384.213947,1998454
329384.247457,2000650
329384.280968,2002846
329384.314478,2005042
329384.347988,2007239
329384.381499,2009435
329384.415009,2011631
329384.448520,2013827
329384.482030,2016023
329384.515540,2018219
329384.549051,2020415
329384.582561,2022611
329384.616072,2024807
329384.649582,2027004
329384.683092,2029200
329384.716603,2031396
329384.750113,2033592
329384.783624,2035788
329384.817134,2037984
329384.850644,2040180
329384.884155,2042376
329384.917665,2044572
329384.951176,2046769
329384.984686,2048965
329385.018196,2051161
329385.051707,2053357
329385.085217,2055553
329385.118728,2057749
329385.152238,2059945
329385.185748,2062141
329385.219259,2064337
329385.252769,2066533
329385.286280,2068730
329385.319790,2070926
329385.353300,2073122
329385.386811,2075318
329385.420321,2077514
329385.453832,2079710
329385.487342,2081906
329385.520852,2084102
329385.554363,2086298
329385.587873,2088494
329385.621384,2090691
329385.654894,2092887
329385.688404,2095083
329385.721915,2097279
329385.755425,2099475
329385.788936,2101671
329385.822446,2103867
329385.855956,2106063
329385.889467,2108259
329385.922977,2110455
329385.956488,2112652
329385.989998,2114848
329386.023508,2117044
329386.057019,2119240
329386.090529,2121436
329386.124040,2123632
329386.157550,2125828
329386.191060,2128024
329386.224571,2130220
329386.258081,2132417
329386.291592,2134613
329386.325102,2136809
329386.358612,2139005
329386.392123,2141201
329386.425633,2143397
329386.459144,2145593
329386.492654,2147789
329386.526164,2149985
329386.559675,2152181
329386.593185,2154378
329386.626696,2156574
329386.660206,2158770
329386.693716,2160966
329386.727227,2163162
329386.760737,2165358
329386.794248,2167554
329386.827758,2169750
329386.861268,2171946
329386.894779,2174143
329386.928289,2176339
329386.961800,2178535
329386.995310,2180731
329387.028820,2182927
329387.062331,2185123
329387.095841,2187319
329387.129352,2189515
329387.162862,2191711
329387.196372,2193907
329387.229883,2196104
329387.263393,2198300
329387.296904,2200496
329387.330414,2202692
329387.363924,2204888
329387.397435,2207084
329387.430945,2209280
329387.464456,2211476
329387.497966,2213672
329387.531476,2215868
329387.564987,2218065
329387.598497,2220261
329387.632008,2222457
329387.665518,2224653
329387.699028,2226849
329387.732539,2229045
329387.766049,2231241
329387.799560,2233437
329387.833070,2235633
329387.866580,2237830
329387.900091,2240026
329387.933601,2242222
329387.967112,2244418
329388.000622,2246614
329388.034132,2248810
329388.067643,2251006
329388.101153,2253202
329388.134664,2255398
329388.168174,2257594
329388.201684,2259791
329388.235195,2261987
329388.268705,2264183
329388.302216,2266379
329388.335726,2268575
329388.369236,2270771
329388.402747,2272967
329388.436257,2275163
329388.469768,2277359
329388.503278,2279556
329388.536788,2281752
329388.570299,2283948
329388.603809,2286144
329388.637320,2288340
329388.670830,2290536
329388.704340,2292732
329388.737851,2294928
329388.771361,2297124
329388.804872,2299320
329388.838382,2301517
329388.871892,2303713
329388.905403,2305909
329388.938913,2308105
329388.972424,2310301
329389.005934,2312497
329389.039444,2314693
329389.072955,2316889
329389.106465,2319085
329389.139976,2321282
329389.173486,2323478
329389.206996,2325674
329389.240507,2327870
329389.274017,2330066
329389.307528,2332262
329389.341038,2334458
329389.374548,2336654
329389.408059,2338850
329389.441569,2341046
329389.475080,2343243
329389.508590,2345439
329389.542100,2347635
329389.575611,2349831
329389.609121,2352027
329389.642632,2354223
329389.676142,2356419
329389.709652,2358615
329389.743163,2360811
329389.776673,2363007
329389.810184,2365204
329389.843694,2367400
329389.877204,2369596
329389.910715,2371792
329389.944225,2373988
329389.977736,2376184
329390.011246,2378380
329390.044756,2380576
329390.078267,2382772
329390.111777,2384968
329390.145288,2387165
329390.178798,2389361
329390.212308,2391557
329390.245819,2393753
329390.279329,2395949
329390.312840,2398145
329390.346350,2400341
329390.379860,2402537
329390.413371,2404733
329390.446881,2406930
329390.480392,2409126
329390.513902,2411322
329390.547412,2413518
329390.580923,2415714
329390.614433,2417910
329390.647944,2420106
329390.681454,2422302
329390.714964,2424498
329390.748475,2426694
329390.781985,2428891
329390.815496,2431087
329390.849006,2433283
329390.882516,2435479
329390.916027,2437675
329390.949537,2439871
329390.983048,2442067
329391.016558,2444263
329391.050068,2446459
329391.083579,2448656
329391.117089,2450852
329391.150600,2453048
329391.184110,2455244
329391.217620,2457440
329391.251131,2459636
329391.284641,2461832
329391.318152,2464028
329391.351662,2466224
329391.385172,2468420
329391.418683,2470617
329391.452193,2472813
329391.485704,2475009
329391.519214,2477205
329391.552724,2479401
329391.586235,2481597
329391.619745,2483793
329391.653256,2485989
329391.686766,2488185
329391.720276,2490381
329391.753787,2492578
329391.787297,2494774
329391.820808,2496970
329391.854318,2499166
329391.887828,2501362
329391.921339,2503558
329391.954849,2505754
329391.988360,2507950
329392.021870,2510146
329392.055380,2512343
329392.088891,2514539
329392.122401,2516735
329392.155912,2518931
329392.189422,2521127
329392.222932,2523323
329392.256443,2525519
329392.289953,2527715
329392.323464,2529911
329392.356974,2532107
329392.390484,2534304
329392.423995,2536500
329392.457505,2538696
329392.491016,2540892
329392.524526,2543088
329392.558036,2545284
329392.591547,2547480
329392.625057,2549676
329392.658568,2551872
329392.692078,2554069
329392.725588,2556265
329392.759099,2558461
329392.792609,2560657
329392.826120,2562853
329392.859630,2565049
329392.893140,2567245
329392.926651,2569441
329392.960161,2571637
329392.993672,2573833
329393.027182,2576030
329393.060692,2578226
329393.094203,2580422
329393.127713,2582618
329393.161224,2584814
329393.194734,2587010
329393.228244,2589206
329393.261755,2591402
329393.295265,2593598
329393.328776,2595795
329393.362286,2597991
329393.395796,2600187
329393.429307,2602383
329393.462817,2604579
329393.496328,2606775
329393.529838,2608971
329393.563348,2611167
329393.596859,2613363
329393.630369,2615559
329393.663880,2617756
329393.697390,2619952
329393.730900,2622148
329393.764411,2624344
329393.797921,2626540
329393.831432,2628736
329393.864942,2630932
329393.898452,2633128
329393.931963,2635324
329393.965473,2637520
329393.998984,2639717
329394.032494,2641913
329394.066004,2644109
329394.099515,2646305
329394.133025,2648501
329394.166536,2650697
329394.200046,2652893
329394.233556,2655089
329394.267067,2657285
329394.300577,2659481
329394.334088,2661678
329394.367598,2663874
329394.401108,2666070
329394.434619,2668266
329394.468129,2670462
329394.501640,2672658
329394.535150,2674854
329394.568660,2677050
329394.602171,2679246
329394.635681,2681443
329394.669192,2683639
329394.702702,2685835
329394.736212,2688031
329394.769723,2690227
329394.803233,2692423
329394.836744,2694619
329394.870254,2696815
329394.903764,2699011
329394.937275,2701207
329394.970785,2703404
329395.004296,2705600
329395.037806,2707796
329395.071316,2709992
329395.104827,2712188
329395.138337,2714384
329395.171848,2716580
329395.205358,2718776
329395.238868,2720972
329395.272379,2723169
329395.305889,2725365
329395.339400,2727561
329395.372910,2729757
329395.406420,2731953
329395.439931,2734149
329395.473441,2736345
329395.506952,2738541
329395.540462,2740737
329395.573972,2742933
329395.607483,2745130
329395.640993,2747326
329395.674504,2749522
329395.708014,2751718
329395.741524,2753914
329395.775035,2756110
329395.808545,2758306
329395.842056,2760502
329395.875566,2762698
329395.909076,2764894
329395.942587,2767091
329395.976097,2769287
329396.009608,2771483
329396.043118,2773679
329396.076628,2775875
329396.110139,2778071
329396.143649,2780267
329396.177160,2782463
329396.210670,2784659
329396.244180,2786856
329396.277691,2789052
329396.311201,2791248
329396.344712,2793444
329396.378222,2795640
329396.411732,2797836
329396.445243,2800032
329396.478753,2802228
329396.512264,2804424
329396.545774,2806620
329396.579284,2808817
329396.612795,2811013
329396.646305,2813209
329396.679816,2815405
329396.713326,2817601
329396.746836,2819797
329396.780347,2821993
329396.813857,2824189
329396.847368,2826385
329396.880878,2828582
329396.914388,2830778
329396.947899,2832974
329396.981409,2835170
329397.014920,2837366
329397.048430,2839562
329397.081940,2841758
329397.115451,2843954
329397.148961,2846150
329397.182472,2848346
329397.215982,2850543
329397.249492,2852739
329397.283003,2854935
329397.316513,2857131
329397.350024,2859327
329397.383534,2861523
329397.417044,2863719
329397.450555,2865915
329397.484065,2868111
329397.517576,2870308
329397.551086,2872504
329397.584596,2874700
329397.618107,2876896
329397.651617,2879092
329397.685128,2881288
329397.718638,2883484
329397.752148,2885680
329397.785659,2887876
329397.819169,2890072
329397.852680,2892269
329397.886190,2894465
329397.919700,2896661
329397.953211,2898857
329397.986721,2901053
329398.020232,2903249
329398.053742,2905445
329398.087252,2907641
329398.120763,2909837
329398.154273,2912033
329398.187784,2914230
329398.221294,2916426
329398.254804,2918622
329398.288315,2920818
329398.321825,2923014
329398.355336,2925210
329398.388846,2927406
329398.422356,2929602
329398.455867,2931798
329398.489377,2933995
329398.522888,2936191
329398.556398,2938387
329398.589908,2940583
329398.623419,2942779
329398.656929,2944975
329398.690440,2947171
329398.723950,2949367
329398.757460,2951563
329398.790971,2953759
329398.824481,2955956
329398.857992,2958152
329398.891502,2960348
329398.925012,2962544
329398.958523,2964740
329398.992033,2966936
329399.025544,2969132
329399.059054,2971328
329399.092564,2973524
329399.126075,2975721
329399.159585,2977917
329399.193096,2980113
329399.226606,2982309
329399.260116,2984505
329399.293627,2986701
329399.327137,2988897
329399.360648,2991093
329399.394158,2993289
329399.427668,2995485
329399.461179,2997682
329399.494689,2999878
329399.528200,3002074
329399.561710,3004270
329399.595220,3006466
329399.628731,3008662
329399.662241,3010858
329399.695752,3013054
329399.729262,3015250
329399.762772,3017446
329399.796283,3019643
329399.829793,3021839
329399.863304,3024035
329399.896814,3026231
329399.930324,3028427
329399.963835,3030623
329399.997345,3032819
329400.030856,3035015
329400.064366,3037211
329400.097876,3039407
329400.131387,3041604
329400.164897,3043800
329400.198408,3045996
329400.231918,3048192
329400.265428,3050388
329400.298939,3052584
329400.332449,3054780
329400.365960,3056976
329400.399470,3059172
329400.432980,3061369
329400.466491,3063565
329400.500001,3065761
329400.533512,3067957
329400.567022,3070153
329400.600532,3072349
329400.634043,3074545
329400.667553,3076741
329400.701064,3078937
329400.734574,3081133
329400.768084,3083330
329400.801595,3085526
329400.835105,3087722
329400.868616,3089918
329400.902126,3092114
329400.935636,3094310
329400.969147,3096506
329401.002657,3098702
329401.036168,3100898
329401.069678,3103095
329401.103188,3105291
329401.136699,3107487
329401.170209,3109683
329401.203720,3111879
329401.237230,3114075
329401.270740,3116271
329401.304251,3118467
329401.337761,3120663
329401.371272,3122859
329401.404782,3125056
329401.438292,3127252
329401.471803,3129448
329401.505313,3131644
329401.538824,3133840
329401.572334,3136036
329401.605844,3138232
329401.639355,3140428
329401.672865,3142624
329401.706376,3144821
329401.739886,3147017
329401.773396,3149213
329401.806907,3151409
329401.840417,3153605
329401.873928,3155801
329401.907438,3157997
329401.940948,3160193
329401.974459,3162389
329402.007969,3164585
329402.041480,3166782
329402.074990,3168978
329402.108500,3171174
329402.142011,3173370
329402.175521,3175566
329402.209032,3177762
329402.242542,3179958
329402.276052,3182154
329402.309563,3184350
329402.343073,3186546
329402.376584,3188743
329402.410094,3190939
329402.443604,3193135
329402.477115,3195331
329402.510625,3197527
329402.544136,3199723
329402.577646,3201919
329402.611156,3204115
329402.644667,3206311
329402.678177,3208508
329402.711688,3210704
329402.745198,3212900
329402.778708,3215096
329402.812219,3217292
329402.845729,3219488
329402.879240,3221684
329402.912750,3223880
329402.946260,3226076
329402.979771,3228272
329403.013281,3230469
329403.046792,3232665
329403.080302,3234861
329403.113812,3237057
329403.147323,3239253
329403.180833,3241449
329403.214344,3243645
329403.247854,3245841
329403.281364,3248037
329403.314875,3250234
329403.348385,3252430
329403.381896,3254626
329403.415406,3256822
329403.448916,3259018
329403.482427,3261214
329403.515937,3263410
329403.549448,3265606
329403.582958,3267802
329403.616468,3269998
329403.649979,3272195
329403.683489,3274391
329403.717000,3276587
329403.750510,3278783
329403.784020,3280979
329403.817531,3283175
329403.851041,3285371
329403.884552,3287567
329403.918062,3289763
329403.951572,3291959
329403.985083,3294156
329404.018593,3296352
329404.052104,3298548
329404.085614,3300744
329404.119124,3302940
329404.152635,3305136
329404.186145,3307332
329404.219656,3309528
329404.253166,3311724
329404.286676,3313920
329404.320187,3316117
329404.353697,3318313
329404.387208,3320509
329404.420718,3322705
329404.454228,3324901
329404.487739,3327097
329404.521249,3329293
329404.554760,3331489
329404.588270,3333685
329404.621780,3335882
329404.655291,3338078
329404.688801,3340274
329404.722312,3342470
329404.755822,3344666
329404.789332,3346862
329404.822843,3349058
329404.856353,3351254
329404.889864,3353450
329404.923374,3355646
329404.956884,3357843
329404.990395,3360039
329405.023905,3362235
329405.057416,3364431
329405.090926,3366627
329405.124436,3368823
329405.157947,3371019
329405.191457,3373215
329405.224968,3375411
329405.258478,3377608
329405.291988,3379804
329405.325499,3382000
329405.359009,3384196
329405.392520,3386392
329405.426030,3388588
329405.459540,3390784
329405.493051,3392980
329405.526561,3395176
329405.560072,3397373
329405.593582,3399569
329405.627092,3401765
329405.660603,3403961
329405.694113,3406157
329405.727624,3408353
329405.761134,3410549
329405.794644,3412745
329405.828155,3414941
329405.861665,3417137
329405.895176,3419334
329405.928686,3421530
329405.962196,3423726
329405.995707,3425922
329406.029217,3428118
329406.062728,3430314
329406.096238,3432510
329406.129748,3434706
329406.163259,3436902
329406.196769,3439098
329406.230280,3441295
329406.263790,3443491
329406.297300,3445687
329406.330811,3447883
329406.364321,3450079
329406.397832,3452275
329406.431342,3454471
329406.464852,3456667
329406.498363,3458863
329406.531873,3461059
329406.565384,3463256
329406.598894,3465452
329406.632404,3467648
329406.665915,3469844
329406.699425,3472040
329406.732936,3474236
329406.766446,3476432
329406.799956,3478628
329406.833467,3480824
329406.866977,3483021
329406.900488,3485217
329406.933998,3487413
329406.967508,3489609
329407.001019,3491805
329407.034529,3494001
329407.068040,3496197
329407.101550,3498393
329407.135060,3500589
329407.168571,3502785
329407.202081,3504982
329407.235592,3507178
329407.269102,3509374
329407.302612,3511570
329407.336123,3513766
329407.369633,3515962
329407.403144,3518158
329407.436654,3520354
329407.470164,3522550
329407.503675,3524747
329407.537185,3526943
329407.570696,3529139
329407.604206,3531335
329407.637716,3533531
329407.671227,3535727
329407.704737,3537923
329407.738248,3540119
329407.771758,3542315
329407.805268,3544511
329407.838779,3546708
329407.872289,3548904
329407.905800,3551100
329407.939310,3553296
329407.972820,3555492
329408.006331,3557688
329408.039841,3559884
329408.073352,3562080
329408.106862,3564276
329408.140372,3566472
329408.173883,3568669
329408.207393,3570865
329408.240904,3573061
329408.274414,3575257
329408.307924,3577453
329408.341435,3579649
329408.374945,3581845
329408.408456,3584041
329408.441966,3586237
329408.475476,3588434
329408.508987,3590630
329408.542497,3592826
329408.576008,3595022
329408.609518,3597218
329408.643028,3599414
329408.676539,3601610
329408.710049,3603806
329408.743560,3606002
329408.777070,3608198
329408.810580,3610395
329408.844091,3612591
329408.877601,3614787
329408.911112,3616983
329408.944622,3619179
329408.978132,3621375
329409.011643,3623571
329409.045153,3625767
329409.078664,3627963
329409.112174,3630160
329409.145684,3632356
329409.179195,3634552
329409.212705,3636748
329409.246216,3638944
329409.279726,3641140
329409.313236,3643336
329409.346747,3645532
329409.380257,3647728
329409.413768,3649924
329409.447278,3652121
329409.480788,3654317
329409.514299,3656513
329409.547809,3658709
329409.581320,3660905
329409.614830,3663101
329409.648340,3665297
329409.681851,3667493
329409.715361,3669689
329409.748872,3671886
329409.782382,3674082
329409.815892,3676278
329409.849403,3678474
329409.882913,3680670
329409.916424,3682866
329409.949934,3685062
329409.983444,3687258
329410.016955,3689454
329410.050465,3691650
329410.083976,3693847
329410.117486,3696043
329410.150996,3698239
329410.184507,3700435
329410.218017,3702631
329410.251528,3704827
329410.285038,3707023
329410.318548,3709219
329410.352059,3711415
329410.385569,3713611
329410.419080,3715808
329410.452590,3718004
329410.486100,3720200
329410.519611,3722396
329410.553121,3724592
329410.586632,3726788
329410.620142,3728984
329410.653652,3731180
329410.687163,3733376
329410.720673,3735572
329410.754184,3737769
329410.787694,3739965
329410.821204,3742161
329410.854715,3744357
329410.888225,3746553
329410.921736,3748749
329410.955246,3750945
329410.988756,3753141
329411.022267,3755337
329411.055777,3757534
329411.089288,3759730
329411.122798,3761926
329411.156308,3764122
329411.189819,3766318
329411.223329,3768514
329411.256840,3770710
329411.290350,3772906
329411.323860,3775102
329411.357371,3777298
329411.390881,3779495
329411.424392,3781691
329411.457902,3783887
329411.491412,3786083
329411.524923,3788279
329411.558433,3790475
329411.591944,3792671
329411.625454,3794867
329411.658964,3797063
329411.692475,3799260
329411.725985,3801456
329411.759496,3803652
329411.793006,3805848
329411.826516,3808044
329411.860027,3810240
329411.893537,3812436
329411.927048,3814632
329411.960558,3816828
329411.994068,3819024
329412.027579,3821221
329412.061089,3823417
329412.094600,3825613
329412.128110,3827809
329412.161620,3830005
329412.195131,3832201
329412.228641,3834397
329412.262152,3836593
329412.295662,3838789
329412.329172,3840985
329412.362683,3843182
329412.396193,3845378
329412.429704,3847574
329412.463214,3849770
329412.496724,3851966
329412.530235,3854162
329412.563745,3856358
329412.597256,3858554
329412.630766,3860750
329412.664276,3862947
329412.697787,3865143
329412.731297,3867339
329412.764808,3869535
329412.798318,3871731
329412.831828,3873927
329412.865339,3876123
329412.898849,3878319
329412.932360,3880515
329412.965870,3882711
329412.999380,3884908
329413.032891,3887104
329413.066401,3889300
329413.099912,3891496
329413.133422,3893692
329413.166932,3895888
329413.200443,3898084
329413.233953,3900280
329413.267464,3902476
329413.300974,3904673
329413.334484,3906869
329413.367995,3909065
329413.401505,3911261
329413.435016,3913457
329413.468526,3915653
329413.502036,3917849
329413.535547,3920045
329413.569057,3922241
329413.602568,3924437
329413.636078,3926634
329413.669588,3928830
329413.703099,3931026
329413.736609,3933222
329413.770120,3935418
329413.803630,3937614
329413.837140,3939810
329413.870651,3942006
329413.904161,3944202
329413.937672,3946399
329413.971182,3948595
329414.004692,3950791
329414.038203,3952987
329414.071713,3955183
329414.105224,3957379
329414.138734,3959575
329414.172244,3961771
329414.205755,3963967
329414.239265,3966163
329414.272776,3968360
329414.306286,3970556
329414.339796,3972752
329414.373307,3974948
329414.406817,3977144
329414.440328,3979340
329414.473838,3981536
329414.507348,3983732
329414.540859,3985928
329414.574369,3988124
329414.607880,3990321
329414.641390,3992517
329414.674900,3994713
329414.708411,3996909
329414.741921,3999105
329414.775432,4001301
329414.808942,4003497
329414.842452,4005693
329414.875963,4007889
329414.909473,4010085
329414.942984,4012282
329414.976494,4014478
329415.010004,4016674
329415.043515,4018870
329415.077025,4021066
329415.110536,4023262
329415.144046,4025458
329415.177556,4027654
329415.211067,4029850
329415.244577,4032047
329415.278088,4034243
329415.311598,4036439
329415.345108,4038635
329415.378619,4040831
329415.412129,4043027
329415.445640,4045223
329415.479150,4047419
329415.512660,4049615
329415.546171,4051811
329415.579681,4054008
329415.613192,4056204
329415.646702,4058400
329415.680212,4060596
329415.713723,4062792
329415.747233,4064988
329415.780744,4067184
329415.814254,4069380
329415.847764,4071576
329415.881275,4073773
329415.914785,4075969
329415.948296,4078165
329415.981806,4080361
329416.015316,4082557
329416.048827,4084753
329416.082337,4086949
329416.115848,4089145
329416.149358,4091341
329416.182868,4093537
329416.216379,4095734
329416.249889,4097930
329416.283400,4100126
329416.316910,4102322
329416.350420,4104518
329416.383931,4106714
329416.417441,4108910
329416.450952,4111106
329416.484462,4113302
329416.517972,4115498
329416.551483,4117695
329416.584993,4119891
329416.618504,4122087
329416.652014,4124283
329416.685524,4126479
329416.719035,4128675
329416.752545,4130871
329416.786056,4133067
329416.819566,4135263
329416.853076,4137460
329416.886587,4139656
329416.920097,4141852
329416.953608,4144048
329416.987118,4146244
329417.020628,4148440
329417.054139,4150636
329417.087649,4152832
329417.121160,4155028
329417.154670,4157224
329417.188180,4159421
329417.221691,4161617
329417.255201,4163813
329417.288712,4166009
329417.322222,4168205
329417.355732,4170401
329417.389243,4172597
329417.422753,4174793
329417.456264,4176989
329417.489774,4179186
329417.523284,4181382
329417.556795,4183578
329417.590305,4185774
329417.623816,4187970
329417.657326,4190166
329417.690836,4192362
329417.724347,4194558
329417.757857,4196754
329417.791368,4198950
329417.824878,4201147
329417.858388,4203343
329417.891899,4205539
329417.925409,4207735
329417.958920,4209931
329417.992430,4212127
329418.025940,4214323
329418.059451,4216519
329418.092961,4218715
329418.126472,4220912
329418.159982,4223108
329418.193492,4225304
329418.227003,4227500
329418.260513,4229696
329418.294024,4231892
329418.327534,4234088
329418.361044,4236284
329418.394555,4238480
329418.428065,4240676
329418.461576,4242873
329418.495086,4245069
329418.528596,4247265
329418.562107,4249461
329418.595617,4251657
329418.629128,4253853
329418.662638,4256049
329418.696148,4258245
329418.729659,4260441
329418.763169,4262637
329418.796680,4264834
329418.830190,4267030
329418.863700,4269226
329418.897211,4271422
329418.930721,4273618
329418.964232,4275814
329418.997742,4278010
329419.031252,4280206
329419.064763,4282402
329419.098273,4284599
329419.131784,4286795
329419.165294,4288991
329419.198804,4291187
329419.232315,4293383
329419.265825,4295579
329419.299336,4297775
329419.332846,4299971
329419.366356,4302167
329419.399867,4304363
329419.433377,4306560
329419.466888,4308756
329419.500398,4310952
329419.533908,4313148
329419.567419,4315344
329419.600929,4317540
329419.634440,4319736
329419.667950,4321932
329419.701460,4324128
329419.734971,4326325
329419.768481,4328521
329419.801992,4330717
329419.835502,4332913
329419.869012,4335109
329419.902523,4337305
329419.936033,4339501
329419.969544,4341697
329420.003054,4343893
329420.036564,4346089
329420.070075,4348286
329420.103585,4350482
329420.137096,4352678
329420.170606,4354874
329420.204116,4357070
329420.237627,4359266
329420.271137,4361462
329420.304648,4363658
329420.338158,4365854
329420.371668,4368050
329420.405179,4370247
329420.438689,4372443
329420.472200,4374639
329420.505710,4376835
329420.539220,4379031
329420.572731,4381227
329420.606241,4383423
329420.639752,4385619
329420.673262,4387815
329420.706772,4390011
329420.740283,4392208
329420.773793,4394404
329420.807304,4396600
329420.840814,4398796
329420.874324,4400992
329420.907835,4403188
329420.941345,4405384
329420.974856,4407580
329421.008366,4409776
329421.041876,4411973
329421.075387,4414169
329421.108897,4416365
329421.142408,4418561
329421.175918,4420757
329421.209428,4422953
329421.242939,4425149
329421.276449,4427345
329421.309960,4429541
329421.343470,4431737
329421.376980,4433934
329421.410491,4436130
329421.444001,4438326
329421.477512,4440522
329421.511022,4442718
329421.544532,4444914
329421.578043,4447110
329421.611553,4449306
329421.645064,4451502
329421.678574,4453699
329421.712084,4455895
329421.745595,4458091
329421.779105,4460287
329421.812616,4462483
329421.846126,4464679
329421.879636,4466875
329421.913147,4469071
329421.946657,4471267
329421.980168,4473463
329422.013678,4475660
329422.047188,4477856
329422.080699,4480052
329422.114209,4482248
329422.147720,4484444
329422.181230,4486640
329422.214740,4488836
329422.248251,4491032
329422.281761,4493228
329422.315272,4495425
329422.348782,4497621
329422.382292,4499817
329422.415803,4502013
329422.449313,4504209
329422.482824,4506405
329422.516334,4508601
329422.549844,4510797
329422.583355,4512993
329422.616865,4515189
329422.650376,4517386
329422.683886,4519582
329422.717396,4521778
329422.750907,4523974
329422.784417,4526170
329422.817928,4528366
329422.851438,4530562
329422.884948,4532758
329422.918459,4534954
329422.951969,4537150
329422.985480,4539347
329423.018990,4541543
329423.052500,4543739
329423.086011,4545935
329423.119521,4548131
329423.153032,4550327
329423.186542,4552523
329423.220052,4554719
329423.253563,4556915
329423.287073,4559112
329423.320584,4561308
329423.354094,4563504
329423.387604,4565700
329423.421115,4567896
329423.454625,4570092
329423.488136,4572288
329423.521646,4574484
329423.555156,4576680
329423.588667,4578876
329423.622177,4581073
329423.655688,4583269
329423.689198,4585465
329423.722708,4587661
329423.756219,4589857
329423.789729,4592053
329423.823240,4594249
329423.856750,4596445
329423.890260,4598641
329423.923771,4600838
329423.957281,4603034
329423.990792,4605230
329424.024302,4607426
329424.057812,4609622
329424.091323,4611818
329424.124833,4614014
329424.158344,4616210
329424.191854,4618406
329424.225364,4620602
329424.258875,4622799
329424.292385,4624995
329424.325896,4627191
329424.359406,4629387
329424.392916,4631583
329424.426427,4633779
329424.459937,4635975
329424.493448,4638171
329424.526958,4640367
329424.560468,4642563
329424.593979,4644760
329424.627489,4646956
329424.661000,4649152
329424.694510,4651348
329424.728020,4653544
329424.761531,4655740
329424.795041,4657936
329424.828552,4660132
329424.862062,4662328
329424.895572,4664524
329424.929083,4666721
329424.962593,4668917
329424.996104,4671113
329425.029614,4673309
329425.063124,4675505
329425.096635,4677701
329425.130145,4679897
329425.163656,4682093
329425.197166,4684289
329425.230676,4686486
329425.264187,4688682
329425.297697,4690878
329425.331208,4693074
329425.364718,4695270
329425.398228,4697466
329425.431739,4699662
329425.465249,4701858
329425.498760,4704054
329425.532270,4706250
329425.565780,4708447
329425.599291,4710643
329425.632801,4712839
329425.666312,4715035
329425.699822,4717231
329425.733332,4719427
329425.766843,4721623
329425.800353,4723819
329425.833864,4726015
329425.867374,4728212
329425.900884,4730408
329425.934395,4732604
329425.967905,4734800
329426.001416,4736996
329426.034926,4739192
329426.068436,4741388
329426.101947,4743584
329426.135457,4745780
329426.168968,4747976
329426.202478,4750173
329426.235988,4752369
329426.269499,4754565
329426.303009,4756761
329426.336520,4758957
329426.370030,4761153
329426.403540,4763349
329426.437051,4765545
329426.470561,4767741
329426.504072,4769938
329426.537582,4772134
329426.571092,4774330
329426.604603,4776526
329426.638113,4778722
329426.671624,4780918
329426.705134,4783114
329426.738644,4785310
329426.772155,4787506
329426.805665,4789702
329426.839176,4791899
329426.872686,4794095
329426.906196,4796291
329426.939707,4798487
329426.973217,4800683
329427.006728,4802879
329427.040238,4805075
329427.073748,4807271
329427.107259,4809467
329427.140769,4811663
329427.174280,4813860
329427.207790,4816056
329427.241300,4818252
329427.274811,4820448
329427.308321,4822644
329427.341832,4824840
329427.375342,4827036
329427.408852,4829232
329427.442363,4831428
329427.475873,4833625
329427.509384,4835821
329427.542894,4838017
329427.576404,4840213
329427.609915,4842409
329427.643425,4844605
329427.676936,4846801
329427.710446,4848997
329427.743956,4851193
329427.777467,4853389
329427.810977,4855586
329427.844488,4857782
329427.877998,4859978
329427.911508,4862174
329427.945019,4864370
329427.978529,4866566
329428.012040,4868762
329428.045550,4870958
329428.079060,4873154
329428.112571,4875351
329428.146081,4877547
329428.179592,4879743
329428.213102,4881939
329428.246612,4884135
329428.280123,4886331
329428.313633,4888527
329428.347144,4890723
329428.380654,4892919
329428.414164,4895115
329428.447675,4897312
329428.481185,4899508
329428.514696,4901704
329428.548206,4903900
329428.581716,4906096
329428.615227,4908292
329428.648737,4910488
329428.682248,4912684
329428.715758,4914880
329428.749268,4917076
329428.782779,4919273
329428.816289,4921469
329428.849800,4923665
329428.883310,4925861
329428.916820,4928057
329428.950331,4930253
329428.983841,4932449
329429.017352,4934645
329429.050862,4936841
329429.084372,4939038
329429.117883,4941234
329429.151393,4943430
329429.184904,4945626
329429.218414,4947822
329429.251924,4950018
329429.285435,4952214
329429.318945,4954410
329429.352456,4956606
329429.385966,4958802
329429.419476,4960999
329429.452987,4963195
329429.486497,4965391
329429.520008,4967587
329429.553518,4969783
329429.587028,4971979
329429.620539,4974175
329429.654049,4976371
329429.687560,4978567
329429.721070,4980764
329429.754580,4982960
329429.788091,4985156
329429.821601,4987352
329429.855112,4989548
329429.888622,4991744
329429.922132,4993940
329429.955643,4996136
329429.989153,4998332
329430.022664,5000528
329430.056174,5002725
329430.089684,5004921
329430.123195,5007117
329430.156705,5009313
329430.190216,5011509
329430.223726,5013705
329430.257236,5015901
329430.290747,5018097
329430.324257,5020293
329430.357768,5022490
329430.391278,5024686
329430.424788,5026882
329430.458299,5029078
329430.491809,5031274
329430.525320,5033470
329430.558830,5035666
329430.592340,5037862
329430.625851,5040058
329430.659361,5042254
329430.692872,5044451
329430.726382,5046647
329430.759892,5048843
329430.793403,5051039
329430.826913,5053235
329430.860424,5055431
329430.893934,5057627
329430.927444,5059823
329430.960955,5062019
329430.994465,5064215
329431.027976,5066412
329431.061486,5068608
329431.094996,5070804
329431.128507,5073000
329431.162017,5075196
329431.195528,5077392
329431.229038,5079588
329431.262548,5081784
329431.296059,5083980
329431.329569,5086176
329431.363080,5088373
329431.396590,5090569
329431.430100,5092765
329431.463611,5094961
329431.497121,5097157
329431.530632,5099353
329431.564142,5101549
329431.597652,5103745
329431.631163,5105941
329431.664673,5108138
329431.698184,5110334
329431.731694,5112530
329431.765204,5114726
329431.798715,5116922
329431.832225,5119118
329431.865736,5121314
329431.899246,5123510
329431.932756,5125706
329431.966267,5127902
329431.999777,5130099
329432.033288,5132295
329432.066798,5134491
329432.100308,5136687
329432.133819,5138883
329432.167329,5141079
329432.200840,5143275
329432.234350,5145471
329432.267860,5147667
329432.301371,5149864
329432.334881,5152060
329432.368392,5154256
329432.401902,5156452
329432.435412,5158648
329432.468923,5160844
329432.502433,5163040
329432.535944,5165236
329432.569454,5167432
329432.602964,5169628
329432.636475,5171825
329432.669985,5174021
329432.703496,5176217
329432.737006,5178413
329432.770516,5180609
329432.804027,5182805
329432.837537,5185001
329432.871048,5187197
329432.904558,5189393
329432.938068,5191589
329432.971579,5193786
329433.005089,5195982
329433.038600,5198178
329433.072110,5200374
329433.105620,5202570
329433.139131,5204766
329433.172641,5206962
329433.206152,5209158
329433.239662,5211354
329433.273172,5213551
329433.306683,5215747
329433.340193,5217943
329433.373704,5220139
329433.407214,5222335
329433.440724,5224531
329433.474235,5226727
329433.507745,5228923
329433.541256,5231119
329433.574766,5233315
329433.608276,5235512
329433.641787,5237708
329433.675297,5239904
329433.708808,5242100
329433.742318,5244296
329433.775828,5246492
329433.809339,5248688
329433.842849,5250884
329433.876360,5253080
329433.909870,5255277
329433.943380,5257473
329433.976891,5259669
329434.010401,5261865
329434.043912,5264061
329434.077422,5266257
329434.110932,5268453
329434.144443,5270649
329434.177953,5272845
329434.211464,5275041
329434.244974,5277238
329434.278484,5279434
329434.311995,5281630
329434.345505,5283826
329434.379016,5286022
329434.412526,5288218
329434.446036,5290414
329434.479547,5292610
329434.513057,5294806
329434.546568,5297003
329434.580078,5299199
329434.613588,5301395
329434.647099,5303591
329434.680609,5305787
329434.714120,5307983
329434.747630,5310179
329434.781140,5312375
329434.814651,5314571
329434.848161,5316767
329434.881672,5318964
329434.915182,5321160
329434.948692,5323356
329434.982203,5325552
329435.015713,5327748
329435.049224,5329944
329435.082734,5332140
329435.116244,5334336
329435.149755,5336532
329435.183265,5338728
329435.216776,5340925
329435.250286,5343121
329435.283796,5345317
329435.317307,5347513
329435.350817,5349709
329435.384328,5351905
329435.417838,5354101
329435.451348,5356297
329435.484859,5358493
329435.518369,5360689
329435.551880,5362886
329435.585390,5365082
329435.618900,5367278
329435.652411,5369474
329435.685921,5371670
329435.719432,5373866
329435.752942,5376062
329435.786452,5378258
329435.819963,5380454
329435.853473,5382651
329435.886984,5384847
329435.920494,5387043
329435.954004,5389239
329435.987515,5391435
329436.021025,5393631
329436.054536,5395827
329436.088046,5398023
329436.121556,5400219
329436.155067,5402415
329436.188577,5404612
329436.222088,5406808
329436.255598,5409004
329436.289108,5411200
329436.322619,5413396
329436.356129,5415592
329436.389640,5417788
329436.423150,5419984
329436.456660,5422180
329436.490171,5424377
329436.523681,5426573
329436.557192,5428769
329436.590702,5430965
329436.624212,5433161
329436.657723,5435357
329436.691233,5437553
329436.724744,5439749
329436.758254,5441945
329436.791764,5444141
329436.825275,5446338
329436.858785,5448534
329436.892296,5450730
329436.925806,5452926
329436.959316,5455122
329436.992827,5457318
329437.026337,5459514
329437.059848,5461710
329437.093358,5463906
329437.126868,5466102
329437.160379,5468299
329437.193889,5470495
329437.227400,5472691
329437.260910,5474887
329437.294420,5477083
329437.327931,5479279
329437.361441,5481475
329437.394952,5483671
329437.428462,5485867
329437.461972,5488064
329437.495483,5490260
329437.528993,5492456
329437.562504,5494652
329437.596014,5496848
329437.629524,5499044
329437.663035,5501240
329437.696545,5503436
329437.730056,5505632
329437.763566,5507828
329437.797076,5510025
329437.830587,5512221
329437.864097,5514417
329437.897608,5516613
329437.931118,5518809
329437.964628,5521005
329437.998139,5523201
329438.031649,5525397
329438.065160,5527593
329438.098670,5529790
329438.132180,5531986
329438.165691,5534182
329438.199201,5536378
329438.232712,5538574
329438.266222,5540770
329438.299732,5542966
329438.333243,5545162
329438.366753,5547358
329438.400264,5549554
329438.433774,5551751
329438.467284,5553947
329438.500795,5556143
329438.534305,5558339
329438.567816,5560535
329438.601326,5562731
329438.634836,5564927
329438.668347,5567123
329438.701857,5569319
329438.735368,5571516
329438.768878,5573712
329438.802388,5575908
329438.835899,5578104
329438.869409,5580300
329438.902920,5582496
329438.936430,5584692
329438.969940,5586888
329439.003451,5589084
329439.036961,5591280
329439.070472,5593477
329439.103982,5595673
329439.137492,5597869
329439.171003,5600065
329439.204513,5602261
329439.238024,5604457
329439.271534,5606653
329439.305044,5608849
329439.338555,5611045
329439.372065,5613241
329439.405576,5615438
329439.439086,5617634
329439.472596,5619830
329439.506107,5622026
329439.539617,5624222
329439.573128,5626418
329439.606638,5628614
329439.640148,5630810
329439.673659,5633006
329439.707169,5635203
329439.740680,5637399
329439.774190,5639595
329439.807700,5641791
329439.841211,5643987
329439.874721,5646183
329439.908232,5648379
329439.941742,5650575
329439.975252,5652771
329440.008763,5654967
329440.042273,5657164
329440.075784,5659360
329440.109294,5661556
329440.142804,5663752
329440.176315,5665948
329440.209825,5668144
329440.243336,5670340
329440.276846,5672536
329440.310356,5674732
329440.343867,5676929
329440.377377,5679125
329440.410888,5681321
329440.444398,5683517
329440.477908,5685713
329440.511419,5687909
329440.544929,5690105
329440.578440,5692301
329440.611950,5694497
329440.645460,5696693
329440.678971,5698890
329440.712481,5701086
329440.745992,5703282
329440.779502,5705478
329440.813012,5707674
329440.846523,5709870
329440.880033,5712066
329440.913544,5714262
329440.947054,5716458
329440.980564,5718654
329441.014075,5720851
329441.047585,5723047
329441.081096,5725243
329441.114606,5727439
329441.148116,5729635
329441.181627,5731831
329441.215137,5734027
329441.248648,5736223
329441.282158,5738419
329441.315668,5740615
329441.349179,5742812
329441.382689,5745008
329441.416200,5747204
329441.449710,5749400
329441.483220,5751596
329441.516731,5753792
329441.550241,5755988
329441.583752,5758184
329441.617262,5760380
329441.650772,5762577
329441.684283,5764773
329441.717793,5766969
329441.751304,5769165
329441.784814,5771361
329441.818324,5773557
329441.851835,5775753
329441.885345,5777949
329441.918856,5780145
329441.952366,5782341
329441.985876,5784538
329442.019387,5786734
329442.052897,5788930
329442.086408,5791126
329442.119918,5793322
329442.153428,5795518
329442.186939,5797714
329442.220449,5799910
329442.253960,5802106
329442.287470,5804303
329442.320980,5806499
329442.354491,5808695
329442.388001,5810891
329442.421512,5813087
329442.455022,5815283
329442.488532,5817479
329442.522043,5819675
329442.555553,5821871
329442.589064,5824067
329442.622574,5826264
329442.656084,5828460
329442.689595,5830656
329442.723105,5832852
329442.756616,5835048
329442.790126,5837244
329442.823636,5839440
329442.857147,5841636
329442.890657,5843832
329442.924168,5846029
329442.957678,5848225
329442.991188,5850421
329443.024699,5852617
329443.058209,5854813
329443.091720,5857009
329443.125230,5859205
329443.158740,5861401
329443.192251,5863597
329443.225761,5865793
329443.259272,5867990
329443.292782,5870186
329443.326292,5872382
329443.359803,5874578
329443.393313,5876774
329443.426824,5878970
329443.460334,5881166
329443.493844,5883362
329443.560865,5887754
329443.627886,5892147
329443.661396,5894343
329443.694907,5896539
329443.728417,5898735
329443.761928,5900931
329443.795438,5903127
329443.828948,5905323
329443.862459,5907519
329443.895969,5909716
329443.929480,5911912
329443.962990,5914108
329443.996500,5916304
329444.030011,5918500
329444.063521,5920696
329444.097032,5922892
329444.130542,5925088
329444.164052,5927284
329444.197563,5929480
329444.231073,5931677
329444.264584,5933873
329444.298094,5936069
329444.331604,5938265
329444.365115,5940461
329444.398625,5942657
329444.432136,5944853
329444.465646,5947049
329444.499156,5949245
329444.532667,5951442
329444.566177,5953638
329444.599688,5955834
329444.633198,5958030
329444.666708,5960226
329444.700219,5962422
329444.733729,5964618
329444.767240,5966814
329444.800750,5969010
329444.834260,5971206
329444.867771,5973403
329444.901281,5975599
329444.934792,5977795
329444.968302,5979991
329445.001812,5982187
329445.035323,5984383
329445.068833,5986579
329445.102344,5988775
329445.135854,5990971
329445.169364,5993167
329445.202875,5995364
329445.236385,5997560
329445.269896,5999756
329445.303406,6001952
329445.336916,6004148
329445.370427,6006344
329445.403937,6008540
329445.437448,6010736
329445.470958,6012932
329445.504468,6015128
329445.537979,6017325
329445.571489,6019521
329445.605000,6021717
329445.638510,6023913
329445.672020,6026109
329445.705531,6028305
329445.739041,6030501
329445.772552,6032697
329445.806062,6034893
329445.839572,6037090
329445.873083,6039286
329445.906593,6041482
329445.940104,6043678
329445.973614,6045874
329446.007124,6048070
329446.040635,6050266
329446.074145,6052462
329446.107656,6054658
329446.141166,6056854
329446.174676,6059051
329446.208187,6061247
329446.241697,6063443
329446.275208,6065639
329446.308718,6067835
329446.342228,6070031
329446.375739,6072227
329446.409249,6074423
329446.442760,6076619
329446.476270,6078816
329446.509780,6081012
329446.543291,6083208
329446.576801,6085404
329446.610312,6087600
329446.643822,6089796
329446.677332,6091992
329446.710843,6094188
329446.744353,6096384
329446.777864,6098580
329446.811374,6100777
329446.844884,6102973
329446.878395,6105169
329446.911905,6107365
329446.945416,6109561
329446.978926,6111757
329447.012436,6113953
329447.045947,6116149
329447.079457,6118345
329447.112968,6120542
329447.146478,6122738
329447.179988,6124934
329447.213499,6127130
329447.247009,6129326
329447.280520,6131522
329447.314030,6133718
329447.347540,6135914
329447.381051,6138110
329447.414561,6140306
329447.448072,6142503
329447.481582,6144699
329447.515092,6146895
329447.548603,6149091
329447.582113,6151287
329447.615624,6153483
329447.649134,6155679
329447.682644,6157875
329447.716155,6160071
329447.749665,6162267
329447.783176,6164464
329447.816686,6166660
329447.850196,6168856
329447.883707,6171052
329447.917217,6173248
329447.950728,6175444
329447.984238,6177640
329448.017748,6179836
329448.051259,6182032
329448.084769,6184229
329448.118280,6186425
329448.151790,6188621
329448.185300,6190817
329448.218811,6193013
329448.252321,6195209
329448.285832,6197405
329448.319342,6199601
329448.352852,6201797
329448.386363,6203993
329448.419873,6206190
329448.453384,6208386
329448.486894,6210582
329448.520404,6212778
329448.553915,6214974
329448.587425,6217170
329448.620936,6219366
329448.654446,6221562
329448.687956,6223758
329448.721467,6225955
329448.754977,6228151
329448.788488,6230347
329448.821998,6232543
329448.855508,6234739
329448.889019,6236935
329448.922529,6239131
329448.956040,6241327
329448.989550,6243523
329449.023060,6245719
329449.056571,6247916
329449.090081,6250112
329449.123592,6252308
329449.157102,6254504
329449.190612,6256700
329449.224123,6258896
329449.257633,6261092
329449.291144,6263288
329449.324654,6265484
329449.358164,6267680
329449.391675,6269877
329449.425185,6272073
329449.458696,6274269
329449.492206,6276465
329449.525716,6278661
329449.559227,6280857
329449.592737,6283053
329449.626248,6285249
329449.659758,6287445
329449.693268,6289641
329449.726779,6291838
329449.760289,6294034
329449.793800,6296230
329449.827310,6298426
329449.860820,6300622
329449.894331,6302818
329449.927841,6305014
329449.961352,6307210
329449.994862,6309406
329450.028372,6311603
329450.061883,6313799
329450.095393,6315995
329450.128904,6318191
329450.162414,6320387
329450.195924,6322583
329450.229435,6324779
329450.262945,6326975
329450.296456,6329171
329450.329966,6331368
329450.363476,6333564
329450.396987,6335760
329450.430497,6337956
329450.464008,6340152
329450.497518,6342348
329450.531028,6344544
329450.564539,6346740
329450.598049,6348936
329450.631560,6351132
329450.665070,6353329
329450.698580,6355525
329450.732091,6357721
329450.765601,6359917
329450.799112,6362113
329450.832622,6364309
329450.866132,6366505
329450.899643,6368701
329450.933153,6370897
329450.966664,6373094
329451.000174,6375290
329451.033684,6377486
329451.067195,6379682
329451.100705,6381878
329451.134216,6384074
329451.167726,6386270
329451.201236,6388466
329451.234747,6390662
329451.268257,6392858
329451.301768,6395055
329451.335278,6397251
329451.368788,6399447
329451.402299,6401643
329451.435809,6403839
329451.469320,6406035
329451.502830,6408231
329451.536340,6410427
329451.569851,6412623
329451.603361,6414819
329451.636872,6417016
329451.670382,6419212
329451.703892,6421408
329451.737403,6423604
329451.770913,6425800
329451.804424,6427996
329451.837934,6430192
329451.871444,6432388
329451.904955,6434584
329451.938465,6436780
329451.971976,6438977
329452.005486,6441173
329452.038996,6443369
329452.072507,6445565
329452.106017,6447761
329452.139528,6449957
329452.173038,6452153
329452.206548,6454349
329452.240059,6456545
329452.273569,6458742
329452.307080,6460938
329452.340590,6463134
329452.374100,6465330
329452.407611,6467526
329452.441121,6469722
329452.474632,6471918
329452.508142,6474114
329452.541652,6476310
329452.575163,6478506
329452.608673,6480703
329452.642184,6482899
329452.675694,6485095
329452.709204,6487291
329452.742715,6489487
329452.776225,6491683
329452.809736,6493879
329452.843246,6496075
329452.876756,6498271
329452.910267,6500468
329452.943777,6502664
329452.977288,6504860
329453.010798,6507056
329453.044308,6509252
329453.077819,6511448
329453.111329,6513644
329453.144840,6515840
329453.178350,6518036
329453.211860,6520232
329453.245371,6522429
329453.278881,6524625
329453.312392,6526821
329453.345902,6529017
329453.379412,6531213
329453.412923,6533409
329453.446433,6535605
329453.479944,6537801
329453.513454,6539997
329453.546964,6542193
329453.580475,6544390
329453.613985,6546586
329453.647496,6548782
329453.681006,6550978
329453.714516,6553174
329453.748027,6555370
329453.781537,6557566
329453.815048,6559762
329453.848558,6561958
329453.882068,6564155
329453.915579,6566351
329453.949089,6568547
