AOI hit [fear_A.png - Spider]	1				AOI hit [fear_A.png - Spider]	1			AOI hit [fear_A.png - Spider]	1		
Eye movement type	Fixation				Eye movement type	Fixation			Eye movement type	Fixation		
												
Recording name	Min of Eye movement type index	Max of Eye movement type index	FC		Recording name	Average of Gaze event duration	TFD (s)		Recording name	Average of Pupil diameter left	Average of Pupil diameter right	PD
Recording10	1155	1184	29		Recording10	407.2275085	12		Recording10	2.975166805	3.13981943	3.057
Recording11	917	936	19		Recording11	448.4860234	9		Recording11	3.132004521	3.171853867	3.152
Recording2	844	846	2		Recording2	7671.222987	15		Recording2	2.827280986	2.789748188	2.809
Recording3	771	772	1		Recording3	8404.851788	8		Recording3	2.689819042	2.781843485	2.736
Recording6	783	799	16		Recording6	889.8154436	14		Recording6	2.722569453	2.80895546	2.766
Recording7	925	930	5		Recording7	2830.24288	14		Recording7	3.011492693	3.26389302	3.138
												
												
												
												
												
												
												
												
												
												
												
												
												
												
												
												
												
												
												
												
												
												
												
												
												
												
												
												
												
												
												
												
												
												
												
												
												
												
												
												
												
												
												
												
												
												
												
												
												
												
												
												
												
												
												
												
												
												
												
												
												
												
												
												
												
												
												
												
												
												
												
												
												
												
												
												
												
												
												
												
												
												
												
												
												
												
												
												
												
												
												
												
												
												
												
												
												
												
												
												
												
												
												
												
												
												
												
												
												
												
												
												
												
												
												
												
												
												
												
												
												
												
												
												
												
												
												
												
												
												
												
												
												
												
												
												
												
												
												
												
												
												
												
												
												
												
												
												
												
												
												
												
												
												
												
												
												
												
												
												
												
												
												
												
												
												
												
												
												
												
												
												
												
												
												
												
												
												
												
												
												
												
												
												
												
												
												
												
												
												
												
												
												
												
												
												
												
												
												
												
												
												
												
												
												
												
												
												
												
												
												
												
												
												
												
												
