timestamp,diameter_mm,task_phase,participant,trial
0.0,3.373,baseline,demo_p01,1
0.0167,3.4473,baseline,demo_p01,1
0.0333,3.3489,baseline,demo_p01,1
0.05,3.3568,baseline,demo_p01,1
0.0667,3.4333,baseline,demo_p01,1
0.0833,3.4407,baseline,demo_p01,1
0.1,3.3777,baseline,demo_p01,1
0.1167,3.3811,baseline,demo_p01,1
0.1333,3.4185,baseline,demo_p01,1
0.15,3.3302,baseline,demo_p01,1
0.1667,3.3442,baseline,demo_p01,1
0.1833,3.3916,baseline,demo_p01,1
0.2,3.4466,baseline,demo_p01,1
0.2167,3.387,baseline,demo_p01,1
0.2333,3.4031,baseline,demo_p01,1
0.25,3.4341,baseline,demo_p01,1
0.2667,3.4633,baseline,demo_p01,1
0.2833,3.3828,baseline,demo_p01,1
0.3,3.3996,baseline,demo_p01,1
0.3167,3.4548,baseline,demo_p01,1
0.3333,3.3545,baseline,demo_p01,1
0.35,3.431,baseline,demo_p01,1
0.3667,3.3696,baseline,demo_p01,1
0.3833,3.4033,baseline,demo_p01,1
0.4,3.3929,baseline,demo_p01,1
0.4167,3.3715,baseline,demo_p01,1
0.4333,3.3707,baseline,demo_p01,1
0.45,3.4085,baseline,demo_p01,1
0.4667,3.4301,baseline,demo_p01,1
0.4833,3.3964,baseline,demo_p01,1
0.5,3.4024,baseline,demo_p01,1
0.5167,3.4175,baseline,demo_p01,1
0.5333,3.3712,baseline,demo_p01,1
0.55,3.4226,baseline,demo_p01,1
0.5667,3.425,baseline,demo_p01,1
0.5833,3.4786,baseline,demo_p01,1
0.6,3.3892,baseline,demo_p01,1
0.6167,3.3868,baseline,demo_p01,1
0.6333,3.4236,baseline,demo_p01,1
0.65,3.4252,baseline,demo_p01,1
0.6667,3.3846,baseline,demo_p01,1
0.6833,3.3886,baseline,demo_p01,1
0.7,3.417,baseline,demo_p01,1
0.7167,3.376,baseline,demo_p01,1
0.7333,3.3886,baseline,demo_p01,1
0.75,3.4036,baseline,demo_p01,1
0.7667,3.4309,baseline,demo_p01,1
0.7833,3.383,baseline,demo_p01,1
0.8,3.3459,baseline,demo_p01,1
0.8167,3.3438,baseline,demo_p01,1
0.8333,3.3636,baseline,demo_p01,1
0.85,3.3621,baseline,demo_p01,1
0.8667,3.3969,baseline,demo_p01,1
0.8833,3.366,baseline,demo_p01,1
0.9,3.3807,baseline,demo_p01,1
0.9167,3.3787,baseline,demo_p01,1
0.9333,3.3888,baseline,demo_p01,1
0.95,3.4419,baseline,demo_p01,1
0.9667,3.4222,baseline,demo_p01,1
0.9833,3.403,baseline,demo_p01,1
1.0,3.3888,baseline,demo_p01,1
1.0167,3.3898,baseline,demo_p01,1
1.0333,3.4128,baseline,demo_p01,1
1.05,3.4207,baseline,demo_p01,1
1.0667,3.3762,baseline,demo_p01,1
1.0833,3.4047,baseline,demo_p01,1
1.1,3.3429,baseline,demo_p01,1
1.1167,3.4105,baseline,demo_p01,1
1.1333,3.4273,baseline,demo_p01,1
1.15,3.3963,baseline,demo_p01,1
1.1667,3.4595,baseline,demo_p01,1
1.1833,3.3788,baseline,demo_p01,1
1.2,3.4121,baseline,demo_p01,1
1.2167,3.4049,baseline,demo_p01,1
1.2333,3.4033,baseline,demo_p01,1
1.25,3.4033,baseline,demo_p01,1
1.2667,3.4103,baseline,demo_p01,1
1.2833,3.433,baseline,demo_p01,1
1.3,3.4493,baseline,demo_p01,1
1.3167,3.4084,baseline,demo_p01,1
1.3333,3.4334,baseline,demo_p01,1
1.35,3.3884,baseline,demo_p01,1
1.3667,3.433,baseline,demo_p01,1
1.3833,3.3877,baseline,demo_p01,1
1.4,3.4439,baseline,demo_p01,1
1.4167,3.4781,baseline,demo_p01,1
1.4333,3.4088,baseline,demo_p01,1
1.45,3.3474,baseline,demo_p01,1
1.4667,3.3974,baseline,demo_p01,1
1.4833,3.4516,baseline,demo_p01,1
1.5,3.432,task,demo_p01,1
1.5167,3.4237,task,demo_p01,1
1.5333,3.4473,task,demo_p01,1
1.55,3.4325,task,demo_p01,1
1.5667,3.4554,task,demo_p01,1
1.5833,3.4474,task,demo_p01,1
1.6,3.4665,task,demo_p01,1
1.6167,3.4327,task,demo_p01,1
1.6333,3.4502,task,demo_p01,1
1.65,3.4149,task,demo_p01,1
1.6667,3.4073,task,demo_p01,1
1.6833,3.4778,task,demo_p01,1
1.7,3.4343,task,demo_p01,1
1.7167,3.4533,task,demo_p01,1
1.7333,3.4343,task,demo_p01,1
1.75,3.4144,task,demo_p01,1
1.7667,3.4338,task,demo_p01,1
1.7833,3.4781,task,demo_p01,1
1.8,3.4533,task,demo_p01,1
1.8167,3.3869,task,demo_p01,1
1.8333,3.4335,task,demo_p01,1
1.85,3.4952,task,demo_p01,1
1.8667,3.4371,task,demo_p01,1
1.8833,3.3914,task,demo_p01,1
1.9,3.5042,task,demo_p01,1
1.9167,3.4698,task,demo_p01,1
1.9333,3.4493,task,demo_p01,1
1.95,3.4424,task,demo_p01,1
1.9667,3.4882,task,demo_p01,1
1.9833,3.4418,task,demo_p01,1
2.0,3.4948,task,demo_p01,1
2.0167,,task,demo_p01,1
2.0333,,task,demo_p01,1
2.05,,task,demo_p01,1
2.0667,,task,demo_p01,1
2.0833,,task,demo_p01,1
2.1,,task,demo_p01,1
2.1167,,task,demo_p01,1
2.1333,3.4998,task,demo_p01,1
2.15,3.5032,task,demo_p01,1
2.1667,3.5017,task,demo_p01,1
2.1833,3.5026,task,demo_p01,1
2.2,3.4839,task,demo_p01,1
2.2167,3.5203,task,demo_p01,1
2.2333,3.4986,task,demo_p01,1
2.25,3.4886,task,demo_p01,1
2.2667,3.4973,task,demo_p01,1
2.2833,3.5707,task,demo_p01,1
2.3,3.4616,task,demo_p01,1
2.3167,3.5322,task,demo_p01,1
2.3333,3.4705,task,demo_p01,1
2.35,3.5213,task,demo_p01,1
2.3667,3.5153,task,demo_p01,1
2.3833,3.4696,task,demo_p01,1
2.4,3.5477,task,demo_p01,1
2.4167,3.5285,task,demo_p01,1
2.4333,3.4809,task,demo_p01,1
2.45,3.5731,task,demo_p01,1
2.4667,3.595,task,demo_p01,1
2.4833,3.6008,task,demo_p01,1
2.5,3.571,task,demo_p01,1
2.5167,3.5658,task,demo_p01,1
2.5333,3.6085,task,demo_p01,1
2.55,3.6234,task,demo_p01,1
2.5667,3.6112,task,demo_p01,1
2.5833,3.5533,task,demo_p01,1
2.6,3.5919,task,demo_p01,1
2.6167,3.6034,task,demo_p01,1
2.6333,3.5403,task,demo_p01,1
2.65,3.6131,task,demo_p01,1
2.6667,3.6716,task,demo_p01,1
2.6833,3.6271,task,demo_p01,1
2.7,3.6565,task,demo_p01,1
2.7167,3.6222,task,demo_p01,1
2.7333,3.6189,task,demo_p01,1
2.75,3.637,task,demo_p01,1
2.7667,3.6055,task,demo_p01,1
2.7833,3.6054,task,demo_p01,1
2.8,3.6767,task,demo_p01,1
2.8167,3.6842,task,demo_p01,1
2.8333,3.6176,task,demo_p01,1
2.85,3.6806,task,demo_p01,1
2.8667,3.6532,task,demo_p01,1
2.8833,3.6702,task,demo_p01,1
2.9,3.678,task,demo_p01,1
2.9167,3.6981,task,demo_p01,1
2.9333,3.6748,task,demo_p01,1
2.95,3.7186,task,demo_p01,1
2.9667,3.6895,task,demo_p01,1
2.9833,3.7028,task,demo_p01,1
3.0,3.6629,task,demo_p01,1
3.0167,3.7564,task,demo_p01,1
3.0333,3.7093,task,demo_p01,1
3.05,3.7202,task,demo_p01,1
3.0667,3.654,task,demo_p01,1
3.0833,3.6809,task,demo_p01,1
3.1,3.746,task,demo_p01,1
3.1167,3.7206,task,demo_p01,1
3.1333,3.6577,task,demo_p01,1
3.15,3.7492,task,demo_p01,1
3.1667,3.7046,task,demo_p01,1
3.1833,3.766,task,demo_p01,1
3.2,3.7236,task,demo_p01,1
3.2167,3.7349,task,demo_p01,1
3.2333,3.7665,task,demo_p01,1
3.25,3.7064,task,demo_p01,1
3.2667,3.7056,task,demo_p01,1
3.2833,3.7315,task,demo_p01,1
3.3,3.764,task,demo_p01,1
3.3167,3.701,task,demo_p01,1
3.3333,3.6924,task,demo_p01,1
3.35,3.7686,task,demo_p01,1
3.3667,3.7271,task,demo_p01,1
3.3833,3.7345,task,demo_p01,1
3.4,3.6916,task,demo_p01,1
3.4167,3.7277,task,demo_p01,1
3.4333,3.7486,task,demo_p01,1
3.45,3.7772,task,demo_p01,1
3.4667,3.7266,task,demo_p01,1
3.4833,3.7996,task,demo_p01,1
3.5,3.7295,task,demo_p01,1
3.5167,3.7294,task,demo_p01,1
3.5333,3.7958,task,demo_p01,1
3.55,3.7557,task,demo_p01,1
3.5667,3.7322,task,demo_p01,1
3.5833,3.7435,task,demo_p01,1
3.6,3.7879,task,demo_p01,1
3.6167,3.7903,task,demo_p01,1
3.6333,3.7207,task,demo_p01,1
3.65,3.7426,task,demo_p01,1
3.6667,3.7452,task,demo_p01,1
3.6833,3.7113,task,demo_p01,1
3.7,3.7376,task,demo_p01,1
3.7167,3.7376,task,demo_p01,1
3.7333,3.7696,task,demo_p01,1
3.75,3.7695,task,demo_p01,1
3.7667,3.7212,task,demo_p01,1
3.7833,3.7223,task,demo_p01,1
3.8,3.7462,task,demo_p01,1
3.8167,3.7061,task,demo_p01,1
3.8333,3.7386,task,demo_p01,1
3.85,3.7154,task,demo_p01,1
3.8667,3.686,task,demo_p01,1
3.8833,3.6833,task,demo_p01,1
3.9,3.7523,task,demo_p01,1
3.9167,3.7009,task,demo_p01,1
3.9333,3.7515,task,demo_p01,1
3.95,3.6834,task,demo_p01,1
3.9667,3.704,task,demo_p01,1
3.9833,3.7634,task,demo_p01,1
4.0,3.6562,task,demo_p01,1
4.0167,3.6272,task,demo_p01,1
4.0333,3.7189,task,demo_p01,1
4.05,3.6515,task,demo_p01,1
4.0667,3.6717,task,demo_p01,1
4.0833,3.6507,task,demo_p01,1
4.1,3.6722,task,demo_p01,1
4.1167,3.6315,task,demo_p01,1
4.1333,3.6504,task,demo_p01,1
4.15,3.6651,task,demo_p01,1
4.1667,3.6171,task,demo_p01,1
4.1833,3.622,task,demo_p01,1
4.2,3.6283,task,demo_p01,1
4.2167,3.5915,task,demo_p01,1
4.2333,3.6173,task,demo_p01,1
4.25,3.6291,task,demo_p01,1
4.2667,3.6091,task,demo_p01,1
4.2833,3.6086,task,demo_p01,1
4.3,3.6117,task,demo_p01,1
4.3167,3.5882,task,demo_p01,1
4.3333,3.6242,task,demo_p01,1
4.35,3.6421,task,demo_p01,1
4.3667,3.5807,task,demo_p01,1
4.3833,3.6048,task,demo_p01,1
4.4,3.5787,task,demo_p01,1
4.4167,3.5925,task,demo_p01,1
4.4333,3.6242,task,demo_p01,1
4.45,3.5882,task,demo_p01,1
4.4667,3.5155,task,demo_p01,1
4.4833,3.5781,task,demo_p01,1
4.5,3.5972,task,demo_p01,1
4.5167,3.5494,task,demo_p01,1
4.5333,3.5818,task,demo_p01,1
4.55,3.5272,task,demo_p01,1
4.5667,3.4993,task,demo_p01,1
4.5833,3.5442,task,demo_p01,1
4.6,3.4833,task,demo_p01,1
4.6167,3.5249,task,demo_p01,1
4.6333,3.5669,task,demo_p01,1
4.65,3.4673,task,demo_p01,1
4.6667,3.4825,task,demo_p01,1
4.6833,3.4862,task,demo_p01,1
4.7,3.5117,task,demo_p01,1
4.7167,3.4991,task,demo_p01,1
4.7333,3.5486,task,demo_p01,1
4.75,3.5319,task,demo_p01,1
4.7667,3.5148,task,demo_p01,1
4.7833,3.501,task,demo_p01,1
4.8,3.5053,task,demo_p01,1
4.8167,3.4645,task,demo_p01,1
4.8333,3.513,task,demo_p01,1
4.85,3.4509,task,demo_p01,1
4.8667,3.5064,task,demo_p01,1
4.8833,3.5141,task,demo_p01,1
4.9,3.482,task,demo_p01,1
4.9167,3.4677,task,demo_p01,1
4.9333,3.4823,task,demo_p01,1
4.95,3.3819,task,demo_p01,1
4.9667,3.4743,task,demo_p01,1
4.9833,3.4593,task,demo_p01,1
5.0,3.4588,recovery,demo_p01,1
5.0167,3.4792,recovery,demo_p01,1
5.0333,3.4535,recovery,demo_p01,1
5.05,3.4194,recovery,demo_p01,1
5.0667,3.4472,recovery,demo_p01,1
5.0833,3.4514,recovery,demo_p01,1
5.1,3.4508,recovery,demo_p01,1
5.1167,3.4503,recovery,demo_p01,1
5.1333,3.4747,recovery,demo_p01,1
5.15,3.4091,recovery,demo_p01,1
5.1667,3.4452,recovery,demo_p01,1
5.1833,3.4769,recovery,demo_p01,1
5.2,3.3846,recovery,demo_p01,1
5.2167,3.4404,recovery,demo_p01,1
5.2333,3.4159,recovery,demo_p01,1
5.25,3.4209,recovery,demo_p01,1
5.2667,3.4034,recovery,demo_p01,1
5.2833,3.4241,recovery,demo_p01,1
5.3,3.4831,recovery,demo_p01,1
5.3167,3.3886,recovery,demo_p01,1
5.3333,3.3902,recovery,demo_p01,1
5.35,3.3851,recovery,demo_p01,1
5.3667,3.4748,recovery,demo_p01,1
5.3833,3.408,recovery,demo_p01,1
5.4,3.4201,recovery,demo_p01,1
5.4167,3.4078,recovery,demo_p01,1
5.4333,3.3905,recovery,demo_p01,1
5.45,3.4109,recovery,demo_p01,1
5.4667,3.4908,recovery,demo_p01,1
5.4833,3.458,recovery,demo_p01,1
5.5,3.3898,recovery,demo_p01,1
5.5167,3.434,recovery,demo_p01,1
5.5333,3.3889,recovery,demo_p01,1
5.55,3.3598,recovery,demo_p01,1
5.5667,3.443,recovery,demo_p01,1
5.5833,3.4466,recovery,demo_p01,1
5.6,3.4425,recovery,demo_p01,1
5.6167,3.3965,recovery,demo_p01,1
5.6333,3.405,recovery,demo_p01,1
5.65,3.4319,recovery,demo_p01,1
5.6667,3.4207,recovery,demo_p01,1
5.6833,3.3966,recovery,demo_p01,1
5.7,3.3594,recovery,demo_p01,1
5.7167,3.4109,recovery,demo_p01,1
5.7333,3.4395,recovery,demo_p01,1
5.75,3.3708,recovery,demo_p01,1
5.7667,3.4255,recovery,demo_p01,1
5.7833,3.4159,recovery,demo_p01,1
5.8,3.4281,recovery,demo_p01,1
5.8167,3.4314,recovery,demo_p01,1
5.8333,3.3841,recovery,demo_p01,1
5.85,3.3562,recovery,demo_p01,1
5.8667,3.3884,recovery,demo_p01,1
5.8833,3.4308,recovery,demo_p01,1
5.9,3.3876,recovery,demo_p01,1
5.9167,3.3828,recovery,demo_p01,1
5.9333,3.3488,recovery,demo_p01,1
5.95,3.4558,recovery,demo_p01,1
5.9667,3.4278,recovery,demo_p01,1
5.9833,3.4259,recovery,demo_p01,1
6.0,3.4317,recovery,demo_p01,1
6.0167,3.4198,recovery,demo_p01,1
6.0333,3.395,recovery,demo_p01,1
6.05,3.3973,recovery,demo_p01,1
6.0667,3.3892,recovery,demo_p01,1
6.0833,3.4809,recovery,demo_p01,1
6.1,3.4185,recovery,demo_p01,1
6.1167,3.3877,recovery,demo_p01,1
6.1333,3.4155,recovery,demo_p01,1
6.15,3.3711,recovery,demo_p01,1
6.1667,3.4465,recovery,demo_p01,1
6.1833,3.3814,recovery,demo_p01,1
6.2,3.4162,recovery,demo_p01,1
6.2167,3.4331,recovery,demo_p01,1
6.2333,3.4126,recovery,demo_p01,1
6.25,3.4038,recovery,demo_p01,1
6.2667,3.4012,recovery,demo_p01,1
6.2833,3.3991,recovery,demo_p01,1
6.3,3.3835,recovery,demo_p01,1
6.3167,3.3872,recovery,demo_p01,1
6.3333,3.445,recovery,demo_p01,1
6.35,3.3974,recovery,demo_p01,1
6.3667,3.377,recovery,demo_p01,1
6.3833,3.385,recovery,demo_p01,1
6.4,3.4335,recovery,demo_p01,1
6.4167,3.4207,recovery,demo_p01,1
6.4333,3.4172,recovery,demo_p01,1
6.45,3.3927,recovery,demo_p01,1
6.4667,3.4176,recovery,demo_p01,1
6.4833,3.381,recovery,demo_p01,1
6.5,3.3925,recovery,demo_p01,1
6.5167,3.4294,recovery,demo_p01,1
6.5333,3.4265,recovery,demo_p01,1
6.55,3.3708,recovery,demo_p01,1
6.5667,3.3746,recovery,demo_p01,1
6.5833,3.4035,recovery,demo_p01,1
6.6,3.452,recovery,demo_p01,1
6.6167,3.3427,recovery,demo_p01,1
6.6333,3.4085,recovery,demo_p01,1
6.65,3.3589,recovery,demo_p01,1
