timestamp,norm_pos_x,norm_pos_y,confidence,diameter_3d_mm,participant,recording
0.0,0.25609,0.39641,0.878,3.2591,demo_p01,demo_rec_01
0.0083,0.2292,0.40394,0.866,3.1848,demo_p01,demo_rec_01
0.0167,0.26501,0.41641,0.937,3.1918,demo_p01,demo_rec_01
0.025,0.26881,0.39213,0.939,3.1784,demo_p01,demo_rec_01
0.0333,0.21098,0.41042,0.984,3.1749,demo_p01,demo_rec_01
0.0417,0.22396,0.39468,0.975,3.2396,demo_p01,demo_rec_01
0.05,0.25256,0.39765,0.913,3.2187,demo_p01,demo_rec_01
0.0583,0.24368,0.41659,0.858,3.2395,demo_p01,demo_rec_01
0.0667,0.24966,0.36014,0.904,3.2074,demo_p01,demo_rec_01
0.075,0.23294,0.37407,0.931,3.2345,demo_p01,demo_rec_01
0.0833,0.26759,0.37036,0.91,3.1889,demo_p01,demo_rec_01
0.0917,0.26556,0.35333,0.891,3.3223,demo_p01,demo_rec_01
0.1,0.25132,0.38643,0.933,3.1334,demo_p01,demo_rec_01
0.1083,0.27254,0.41499,0.895,3.2758,demo_p01,demo_rec_01
0.1167,0.25935,0.3943,0.889,3.2821,demo_p01,demo_rec_01
0.125,0.23281,0.40396,0.936,3.1721,demo_p01,demo_rec_01
0.1333,0.25738,0.42178,0.9,3.3271,demo_p01,demo_rec_01
0.1417,0.23082,0.42655,0.932,3.2664,demo_p01,demo_rec_01
0.15,0.26757,0.39862,0.934,3.2662,demo_p01,demo_rec_01
0.1583,0.249,0.42707,0.863,3.22,demo_p01,demo_rec_01
0.1667,0.2463,0.40184,0.896,3.2087,demo_p01,demo_rec_01
0.175,0.23638,0.38325,0.992,3.2101,demo_p01,demo_rec_01
0.1833,0.27445,0.38811,0.862,3.2411,demo_p01,demo_rec_01
0.1917,0.24691,0.37039,0.814,3.2926,demo_p01,demo_rec_01
0.2,0.24143,0.38224,0.827,3.2325,demo_p01,demo_rec_01
0.2083,0.24296,0.39284,0.921,3.1789,demo_p01,demo_rec_01
0.2167,0.26065,0.41607,0.922,3.2666,demo_p01,demo_rec_01
0.225,0.25731,0.43442,0.914,3.2724,demo_p01,demo_rec_01
0.2333,0.25825,0.37236,0.981,3.2601,demo_p01,demo_rec_01
0.2417,0.25862,0.40786,0.786,3.2656,demo_p01,demo_rec_01
0.25,0.29283,0.37919,0.94,3.2157,demo_p01,demo_rec_01
0.2583,0.24187,0.40949,0.998,3.1838,demo_p01,demo_rec_01
0.2667,0.23976,0.39738,0.864,3.1878,demo_p01,demo_rec_01
0.275,0.23372,0.36338,0.901,3.1504,demo_p01,demo_rec_01
0.2833,0.26232,0.41857,0.882,3.245,demo_p01,demo_rec_01
0.2917,0.27258,0.3879,0.875,3.2299,demo_p01,demo_rec_01
0.3,0.24772,0.38932,0.904,3.213,demo_p01,demo_rec_01
0.3083,0.2332,0.3786,0.991,3.0882,demo_p01,demo_rec_01
0.3167,0.23351,0.38691,1.0,3.1746,demo_p01,demo_rec_01
0.325,0.26301,0.40856,0.903,3.2939,demo_p01,demo_rec_01
0.3333,0.26487,0.39622,1.0,3.2056,demo_p01,demo_rec_01
0.3417,0.26086,0.40657,0.922,3.2578,demo_p01,demo_rec_01
0.35,0.23669,0.40724,1.0,3.1712,demo_p01,demo_rec_01
0.3583,0.25464,0.42641,0.915,3.3136,demo_p01,demo_rec_01
0.3667,0.25233,0.39314,0.927,3.2354,demo_p01,demo_rec_01
0.375,0.25437,0.37046,0.938,3.258,demo_p01,demo_rec_01
0.3833,0.26743,0.42134,1.0,3.3608,demo_p01,demo_rec_01
0.3917,0.25447,0.39337,0.963,3.3212,demo_p01,demo_rec_01
0.4,0.26358,0.42229,0.885,3.231,demo_p01,demo_rec_01
0.4083,0.25135,0.40767,0.968,3.2176,demo_p01,demo_rec_01
0.4167,0.25578,0.39738,0.902,3.2319,demo_p01,demo_rec_01
0.425,0.26263,0.40698,0.896,3.2746,demo_p01,demo_rec_01
0.4333,0.22086,0.43902,0.965,3.2448,demo_p01,demo_rec_01
0.4417,0.24361,0.44154,0.922,3.2312,demo_p01,demo_rec_01
0.45,0.24059,0.40139,0.934,3.3253,demo_p01,demo_rec_01
0.4583,0.23722,0.4032,0.921,3.2471,demo_p01,demo_rec_01
0.4667,0.2445,0.42152,0.937,3.3687,demo_p01,demo_rec_01
0.475,0.2799,0.38309,0.941,3.2592,demo_p01,demo_rec_01
0.4833,0.23268,0.40666,0.823,3.3448,demo_p01,demo_rec_01
0.4917,0.26937,0.39948,0.953,3.2744,demo_p01,demo_rec_01
0.5,0.21634,0.40628,0.871,3.3056,demo_p01,demo_rec_01
0.5083,0.2433,0.38333,0.848,3.2221,demo_p01,demo_rec_01
0.5167,0.25326,0.36821,0.917,3.2165,demo_p01,demo_rec_01
0.525,0.26172,0.35854,0.924,3.2831,demo_p01,demo_rec_01
0.5333,0.26422,0.37765,0.885,3.3104,demo_p01,demo_rec_01
0.5417,0.26587,0.39083,0.962,3.2639,demo_p01,demo_rec_01
0.55,0.24303,0.39414,0.853,3.1985,demo_p01,demo_rec_01
0.5583,0.24075,0.43874,0.9,3.1957,demo_p01,demo_rec_01
0.5667,0.26716,0.42212,0.891,3.1932,demo_p01,demo_rec_01
0.575,0.24617,0.38076,0.918,3.1771,demo_p01,demo_rec_01
0.5833,0.22449,0.40695,0.934,3.2718,demo_p01,demo_rec_01
0.5917,0.22733,0.39186,0.87,3.3235,demo_p01,demo_rec_01
0.6,0.23161,0.39431,0.956,3.2674,demo_p01,demo_rec_01
0.6083,0.25994,0.40371,0.923,3.156,demo_p01,demo_rec_01
0.6167,0.25285,0.41238,0.825,3.2603,demo_p01,demo_rec_01
0.625,0.26381,0.39321,0.822,3.2626,demo_p01,demo_rec_01
0.6333,0.24145,0.42128,0.919,3.3764,demo_p01,demo_rec_01
0.6417,0.25317,0.37716,0.909,3.1996,demo_p01,demo_rec_01
0.65,0.26251,0.40013,0.915,3.2538,demo_p01,demo_rec_01
0.6583,0.24381,0.45195,0.919,3.3594,demo_p01,demo_rec_01
0.6667,0.25914,0.40446,0.931,3.2975,demo_p01,demo_rec_01
0.675,0.23676,0.42866,0.967,3.304,demo_p01,demo_rec_01
0.6833,0.24274,0.40183,0.864,3.2824,demo_p01,demo_rec_01
0.6917,0.24237,0.41162,0.861,3.294,demo_p01,demo_rec_01
0.7,0.22608,0.39886,0.865,3.3173,demo_p01,demo_rec_01
0.7083,0.25974,0.39659,0.934,3.2387,demo_p01,demo_rec_01
0.7167,0.24061,0.38441,0.982,3.3239,demo_p01,demo_rec_01
0.725,0.25025,0.40861,0.898,3.2122,demo_p01,demo_rec_01
0.7333,0.25961,0.38297,0.795,3.2981,demo_p01,demo_rec_01
0.7417,0.25893,0.41331,0.835,3.2915,demo_p01,demo_rec_01
0.75,0.26331,0.42171,0.878,3.2525,demo_p01,demo_rec_01
0.7583,0.24803,0.40733,0.892,3.283,demo_p01,demo_rec_01
0.7667,0.24153,0.39428,0.9,3.2538,demo_p01,demo_rec_01
0.775,0.24841,0.40908,0.922,3.2322,demo_p01,demo_rec_01
0.7833,0.21625,0.39383,0.904,3.2689,demo_p01,demo_rec_01
0.7917,0.22106,0.41871,0.972,3.2322,demo_p01,demo_rec_01
0.8,0.22355,0.36337,0.886,3.3043,demo_p01,demo_rec_01
0.8083,0.23006,0.39329,0.877,3.2315,demo_p01,demo_rec_01
0.8167,0.258,0.36018,0.944,3.3253,demo_p01,demo_rec_01
0.825,0.23189,0.3701,0.843,3.2315,demo_p01,demo_rec_01
0.8333,0.24244,0.42728,0.939,3.263,demo_p01,demo_rec_01
0.8417,0.27598,0.4179,0.925,3.2609,demo_p01,demo_rec_01
0.85,0.24287,0.38561,0.913,3.3591,demo_p01,demo_rec_01
0.8583,0.26475,0.36995,0.999,3.3101,demo_p01,demo_rec_01
0.8667,0.23133,0.34071,0.889,3.2838,demo_p01,demo_rec_01
0.875,0.24589,0.38913,1.0,3.3201,demo_p01,demo_rec_01
0.8833,0.231,0.44841,0.909,3.1906,demo_p01,demo_rec_01
0.8917,0.24322,0.4087,0.856,3.2945,demo_p01,demo_rec_01
0.9,0.26681,0.38881,0.923,3.3973,demo_p01,demo_rec_01
0.9083,0.21545,0.4093,0.866,3.3048,demo_p01,demo_rec_01
0.9167,0.25869,0.36878,0.882,3.3023,demo_p01,demo_rec_01
0.925,0.25475,0.39405,0.94,3.327,demo_p01,demo_rec_01
0.9333,0.23812,0.40199,0.948,3.3451,demo_p01,demo_rec_01
0.9417,0.22108,0.39828,0.889,3.2012,demo_p01,demo_rec_01
0.95,0.25144,0.41582,0.969,3.2177,demo_p01,demo_rec_01
0.9583,0.23941,0.40689,0.978,3.3131,demo_p01,demo_rec_01
0.9667,0.25465,0.41337,0.992,3.2675,demo_p01,demo_rec_01
0.975,0.25044,0.38623,0.946,3.3696,demo_p01,demo_rec_01
0.9833,0.28204,0.41796,0.988,3.2889,demo_p01,demo_rec_01
0.9917,0.24521,0.43258,0.826,3.2086,demo_p01,demo_rec_01
1.0,0.22953,0.3806,0.904,3.2427,demo_p01,demo_rec_01
1.0083,0.25359,0.38225,0.877,3.1693,demo_p01,demo_rec_01
1.0167,0.2544,0.42672,0.926,3.2957,demo_p01,demo_rec_01
1.025,0.27718,0.39617,0.891,3.2987,demo_p01,demo_rec_01
1.0333,0.2667,0.42808,0.912,3.2876,demo_p01,demo_rec_01
1.0417,0.25714,0.39115,1.0,3.3634,demo_p01,demo_rec_01
1.05,0.27927,0.4291,0.912,3.3701,demo_p01,demo_rec_01
1.0583,0.22622,0.40263,0.941,3.3023,demo_p01,demo_rec_01
1.0667,0.2372,0.40516,0.908,3.2047,demo_p01,demo_rec_01
1.075,0.23147,0.43129,0.924,3.343,demo_p01,demo_rec_01
1.0833,0.2422,0.39276,0.92,3.3405,demo_p01,demo_rec_01
1.0917,0.22247,0.38118,0.942,3.3289,demo_p01,demo_rec_01
1.1,0.2627,0.39103,0.978,3.3631,demo_p01,demo_rec_01
1.1083,0.24556,0.40905,1.0,3.2565,demo_p01,demo_rec_01
1.1167,0.22058,0.36868,0.935,3.4158,demo_p01,demo_rec_01
1.125,0.22969,0.41275,0.949,3.268,demo_p01,demo_rec_01
1.1333,0.25627,0.38922,0.862,3.354,demo_p01,demo_rec_01
1.1417,0.26676,0.42296,0.916,3.2328,demo_p01,demo_rec_01
1.15,0.28993,0.35211,0.967,3.2713,demo_p01,demo_rec_01
1.1583,0.30828,0.38427,0.963,3.3942,demo_p01,demo_rec_01
1.1667,0.25829,0.36627,0.931,3.306,demo_p01,demo_rec_01
1.175,0.23021,0.38348,0.964,3.3616,demo_p01,demo_rec_01
1.1833,0.20736,0.40495,0.945,3.332,demo_p01,demo_rec_01
1.1917,0.25535,0.39642,0.98,3.3155,demo_p01,demo_rec_01
1.2,0.23374,0.39493,0.934,3.3895,demo_p01,demo_rec_01
1.2083,0.24169,0.39682,0.902,3.3101,demo_p01,demo_rec_01
1.2167,0.23776,0.40407,0.937,3.2335,demo_p01,demo_rec_01
1.225,0.24718,0.37983,0.773,3.2829,demo_p01,demo_rec_01
1.2333,0.27132,0.41414,0.939,3.3512,demo_p01,demo_rec_01
1.2417,0.25314,0.41325,0.738,3.3439,demo_p01,demo_rec_01
1.25,0.24683,0.4077,0.834,3.2464,demo_p01,demo_rec_01
1.2583,0.22929,0.41113,0.943,3.289,demo_p01,demo_rec_01
1.2667,0.21651,0.40593,0.944,3.2967,demo_p01,demo_rec_01
1.275,0.24027,0.4407,0.862,3.3081,demo_p01,demo_rec_01
1.2833,0.24892,0.39826,0.884,3.2581,demo_p01,demo_rec_01
1.2917,0.28536,0.39386,0.989,3.296,demo_p01,demo_rec_01
1.3,0.25261,0.38493,0.896,3.2915,demo_p01,demo_rec_01
1.3083,0.26965,0.37935,1.0,3.367,demo_p01,demo_rec_01
1.3167,0.24001,0.37511,0.92,3.3694,demo_p01,demo_rec_01
1.325,0.2263,0.38222,0.94,3.3221,demo_p01,demo_rec_01
1.3333,0.2307,0.39859,1.0,3.3103,demo_p01,demo_rec_01
1.3417,0.2355,0.40669,0.927,3.3374,demo_p01,demo_rec_01
1.35,0.29257,0.40102,0.87,3.29,demo_p01,demo_rec_01
1.3583,0.23357,0.38469,0.915,3.274,demo_p01,demo_rec_01
1.3667,0.26677,0.418,0.918,3.2848,demo_p01,demo_rec_01
1.375,0.23194,0.41479,0.852,3.3005,demo_p01,demo_rec_01
1.3833,0.26863,0.39681,0.907,3.2746,demo_p01,demo_rec_01
1.3917,0.2577,0.38694,0.883,3.3413,demo_p01,demo_rec_01
1.4,0.24687,0.41097,0.966,3.3701,demo_p01,demo_rec_01
1.4083,0.24918,0.40376,0.922,3.2547,demo_p01,demo_rec_01
1.4167,0.2369,0.37104,0.906,3.3358,demo_p01,demo_rec_01
1.425,0.25892,0.39864,0.915,3.324,demo_p01,demo_rec_01
1.4333,0.2409,0.40524,0.931,3.3525,demo_p01,demo_rec_01
1.4417,0.22549,0.38201,0.951,3.3352,demo_p01,demo_rec_01
1.45,0.22444,0.4038,0.87,3.2635,demo_p01,demo_rec_01
1.4583,0.25345,0.3709,0.868,3.2735,demo_p01,demo_rec_01
1.4667,0.28158,0.42672,0.975,3.3385,demo_p01,demo_rec_01
1.475,0.2532,0.42496,0.899,3.3889,demo_p01,demo_rec_01
1.4833,0.24763,0.39495,0.849,3.2271,demo_p01,demo_rec_01
1.4917,0.25572,0.40727,0.942,3.3555,demo_p01,demo_rec_01
1.5,0.27612,0.3518,0.943,3.3981,demo_p01,demo_rec_01
1.5083,0.25439,0.37687,0.843,3.3313,demo_p01,demo_rec_01
1.5167,0.24178,0.39412,0.931,3.3668,demo_p01,demo_rec_01
1.525,0.27213,0.37856,0.957,3.3045,demo_p01,demo_rec_01
1.5333,0.25858,0.41429,0.939,3.3341,demo_p01,demo_rec_01
1.5417,0.28072,0.43995,0.952,3.2593,demo_p01,demo_rec_01
1.55,0.25366,0.37647,0.85,3.2235,demo_p01,demo_rec_01
1.5583,0.22551,0.38325,0.937,3.3882,demo_p01,demo_rec_01
1.5667,0.22264,0.40471,0.905,3.2921,demo_p01,demo_rec_01
1.575,0.28302,0.43222,0.896,3.3189,demo_p01,demo_rec_01
1.5833,0.28447,0.37555,0.964,3.2727,demo_p01,demo_rec_01
1.5917,0.24641,0.40498,0.994,3.2719,demo_p01,demo_rec_01
1.6,0.24234,0.43643,1.0,3.334,demo_p01,demo_rec_01
1.6083,0.27923,0.36696,0.986,3.3065,demo_p01,demo_rec_01
1.6167,0.22786,0.37438,0.915,3.3622,demo_p01,demo_rec_01
1.625,0.23211,0.39153,0.938,3.3662,demo_p01,demo_rec_01
1.6333,0.26287,0.38959,0.958,3.3599,demo_p01,demo_rec_01
1.6417,0.24211,0.41625,0.926,3.356,demo_p01,demo_rec_01
1.65,0.2499,0.40483,0.927,3.4233,demo_p01,demo_rec_01
1.6583,0.24673,0.3645,0.961,3.2913,demo_p01,demo_rec_01
1.6667,0.25,0.4,0.917,3.3421,demo_p01,demo_rec_01
1.675,0.25505,0.40152,0.884,3.4018,demo_p01,demo_rec_01
1.6833,0.2601,0.40303,0.899,3.4086,demo_p01,demo_rec_01
1.6917,0.26515,0.40455,0.952,3.2745,demo_p01,demo_rec_01
1.7,0.2702,0.40606,0.92,3.3302,demo_p01,demo_rec_01
1.7083,0.27525,0.40758,0.937,3.414,demo_p01,demo_rec_01
1.7167,0.2803,0.40909,0.954,3.3717,demo_p01,demo_rec_01
1.725,0.28535,0.41061,0.901,3.3563,demo_p01,demo_rec_01
1.7333,0.2904,0.41212,0.958,3.3358,demo_p01,demo_rec_01
1.7417,0.29545,0.41364,0.939,3.3277,demo_p01,demo_rec_01
1.75,0.30051,0.41515,0.858,3.3615,demo_p01,demo_rec_01
1.7583,0.30556,0.41667,0.992,3.3347,demo_p01,demo_rec_01
1.7667,0.31061,0.41818,0.895,3.3454,demo_p01,demo_rec_01
1.775,0.31566,0.4197,0.837,3.3516,demo_p01,demo_rec_01
1.7833,0.32071,0.42121,0.868,3.3139,demo_p01,demo_rec_01
1.7917,0.32576,0.42273,0.869,3.3746,demo_p01,demo_rec_01
1.8,0.33081,0.42424,0.923,3.4939,demo_p01,demo_rec_01
1.8083,0.33586,0.42576,0.906,3.2595,demo_p01,demo_rec_01
1.8167,0.34091,0.42727,0.903,3.3646,demo_p01,demo_rec_01
1.825,0.34596,0.42879,0.951,3.3106,demo_p01,demo_rec_01
1.8333,0.35101,0.4303,0.937,3.3776,demo_p01,demo_rec_01
1.8417,0.35606,0.43182,0.936,3.3512,demo_p01,demo_rec_01
1.85,0.36111,0.43333,0.94,3.3871,demo_p01,demo_rec_01
1.8583,0.36616,0.43485,0.951,3.4078,demo_p01,demo_rec_01
1.8667,0.37121,0.43636,0.815,3.3588,demo_p01,demo_rec_01
1.875,0.37626,0.43788,0.902,3.4059,demo_p01,demo_rec_01
1.8833,0.38131,0.43939,0.811,3.2322,demo_p01,demo_rec_01
1.8917,0.38636,0.44091,0.922,3.429,demo_p01,demo_rec_01
1.9,0.39141,0.44242,0.92,3.3683,demo_p01,demo_rec_01
1.9083,0.39646,0.44394,0.972,3.4035,demo_p01,demo_rec_01
1.9167,0.40152,0.44545,0.979,3.2887,demo_p01,demo_rec_01
1.925,0.40657,0.44697,0.93,3.3082,demo_p01,demo_rec_01
1.9333,0.41162,0.44848,0.895,3.3571,demo_p01,demo_rec_01
1.9417,0.41667,0.45,0.944,3.349,demo_p01,demo_rec_01
1.95,0.42172,0.45152,0.894,3.364,demo_p01,demo_rec_01
1.9583,0.42677,0.45303,0.92,3.4041,demo_p01,demo_rec_01
1.9667,0.43182,0.45455,0.969,3.2617,demo_p01,demo_rec_01
1.975,0.43687,0.45606,0.892,3.3987,demo_p01,demo_rec_01
1.9833,0.44192,0.45758,0.96,3.3504,demo_p01,demo_rec_01
1.9917,0.44697,0.45909,0.954,3.3398,demo_p01,demo_rec_01
2.0,0.45202,0.46061,0.872,3.2764,demo_p01,demo_rec_01
2.0083,0.45707,0.46212,0.969,3.3751,demo_p01,demo_rec_01
2.0167,0.46212,0.46364,0.955,3.2293,demo_p01,demo_rec_01
2.025,0.46717,0.46515,0.925,3.3824,demo_p01,demo_rec_01
2.0333,0.47222,0.46667,0.882,3.2753,demo_p01,demo_rec_01
2.0417,0.47727,0.46818,0.877,3.3526,demo_p01,demo_rec_01
2.05,0.48232,0.4697,0.893,3.3439,demo_p01,demo_rec_01
2.0583,0.48737,0.47121,0.947,3.4083,demo_p01,demo_rec_01
2.0667,0.49242,0.47273,0.872,3.3409,demo_p01,demo_rec_01
2.075,0.49747,0.47424,0.942,3.315,demo_p01,demo_rec_01
2.0833,0.50253,0.47576,0.858,3.3243,demo_p01,demo_rec_01
2.0917,0.50758,0.47727,0.91,3.4133,demo_p01,demo_rec_01
2.1,0.51263,0.47879,0.925,3.3764,demo_p01,demo_rec_01
2.1083,0.51768,0.4803,1.0,3.3302,demo_p01,demo_rec_01
2.1167,0.52273,0.48182,0.851,3.3375,demo_p01,demo_rec_01
2.125,0.52778,0.48333,0.994,3.2709,demo_p01,demo_rec_01
2.1333,0.53283,0.48485,0.927,3.3686,demo_p01,demo_rec_01
2.1417,0.53788,0.48636,0.941,3.2611,demo_p01,demo_rec_01
2.15,0.54293,0.48788,0.926,3.3866,demo_p01,demo_rec_01
2.1583,0.54798,0.48939,0.942,3.3553,demo_p01,demo_rec_01
2.1667,0.55303,0.49091,0.912,3.4681,demo_p01,demo_rec_01
2.175,0.55808,0.49242,0.993,3.2936,demo_p01,demo_rec_01
2.1833,0.56313,0.49394,0.897,3.3433,demo_p01,demo_rec_01
2.1917,0.56818,0.49545,0.977,3.4382,demo_p01,demo_rec_01
2.2,0.57323,0.49697,0.888,3.4077,demo_p01,demo_rec_01
2.2083,0.57828,0.49848,0.917,3.3132,demo_p01,demo_rec_01
2.2167,0.58333,0.5,0.866,3.359,demo_p01,demo_rec_01
2.225,0.58838,0.50152,0.943,3.3478,demo_p01,demo_rec_01
2.2333,0.59343,0.50303,0.992,3.3616,demo_p01,demo_rec_01
2.2417,0.59848,0.50455,0.916,3.3124,demo_p01,demo_rec_01
2.25,0.60354,0.50606,0.91,3.3427,demo_p01,demo_rec_01
2.2583,0.60859,0.50758,0.864,3.267,demo_p01,demo_rec_01
2.2667,0.61364,0.50909,0.909,3.3535,demo_p01,demo_rec_01
2.275,0.61869,0.51061,0.84,3.369,demo_p01,demo_rec_01
2.2833,0.62374,0.51212,0.874,3.3349,demo_p01,demo_rec_01
2.2917,0.62879,0.51364,0.931,3.2653,demo_p01,demo_rec_01
2.3,0.63384,0.51515,0.986,3.3953,demo_p01,demo_rec_01
2.3083,0.63889,0.51667,1.0,3.3638,demo_p01,demo_rec_01
2.3167,0.64394,0.51818,0.891,3.3091,demo_p01,demo_rec_01
2.325,0.64899,0.5197,0.992,3.3311,demo_p01,demo_rec_01
2.3333,0.65404,0.52121,0.932,3.2699,demo_p01,demo_rec_01
2.3417,0.65909,0.52273,0.912,3.2934,demo_p01,demo_rec_01
2.35,0.66414,0.52424,0.942,3.3175,demo_p01,demo_rec_01
2.3583,0.66919,0.52576,0.923,3.4055,demo_p01,demo_rec_01
2.3667,0.67424,0.52727,0.926,3.3118,demo_p01,demo_rec_01
2.375,0.67929,0.52879,0.9,3.3756,demo_p01,demo_rec_01
2.3833,0.68434,0.5303,0.85,3.3163,demo_p01,demo_rec_01
2.3917,0.68939,0.53182,0.843,3.3554,demo_p01,demo_rec_01
2.4,0.69444,0.53333,0.953,3.3356,demo_p01,demo_rec_01
2.4083,0.69949,0.53485,0.906,3.386,demo_p01,demo_rec_01
2.4167,0.70455,0.53636,0.89,3.3153,demo_p01,demo_rec_01
2.425,0.7096,0.53788,0.92,3.2631,demo_p01,demo_rec_01
2.4333,0.71465,0.53939,0.96,3.2723,demo_p01,demo_rec_01
2.4417,0.7197,0.54091,0.929,3.3145,demo_p01,demo_rec_01
2.45,0.72475,0.54242,0.887,3.2783,demo_p01,demo_rec_01
2.4583,0.7298,0.54394,0.981,3.3609,demo_p01,demo_rec_01
2.4667,0.73485,0.54545,0.999,3.3167,demo_p01,demo_rec_01
2.475,0.7399,0.54697,0.945,3.4584,demo_p01,demo_rec_01
2.4833,0.74495,0.54848,0.969,3.2524,demo_p01,demo_rec_01
2.4917,0.75,0.55,0.982,3.3491,demo_p01,demo_rec_01
2.5,0.75675,0.56031,0.977,3.2822,demo_p01,demo_rec_01
2.5083,0.77815,0.53845,0.951,3.3135,demo_p01,demo_rec_01
2.5167,0.75181,0.57549,0.95,3.3449,demo_p01,demo_rec_01
2.525,0.76288,0.53745,0.946,3.2212,demo_p01,demo_rec_01
2.5333,0.709,0.53727,0.865,3.3489,demo_p01,demo_rec_01
2.5417,0.74903,0.56082,0.955,3.4318,demo_p01,demo_rec_01
2.55,0.73314,0.56526,0.852,3.3135,demo_p01,demo_rec_01
2.5583,0.72562,0.55896,0.88,3.3488,demo_p01,demo_rec_01
2.5667,0.73244,0.51629,0.985,3.3866,demo_p01,demo_rec_01
2.575,0.74332,0.56076,0.962,3.3268,demo_p01,demo_rec_01
2.5833,0.76832,0.52931,0.994,3.3055,demo_p01,demo_rec_01
2.5917,0.72347,0.55471,0.906,3.2203,demo_p01,demo_rec_01
2.6,0.75061,0.52153,0.862,3.3657,demo_p01,demo_rec_01
2.6083,0.74032,0.55893,0.908,3.3275,demo_p01,demo_rec_01
2.6167,0.74345,0.53387,0.925,3.2821,demo_p01,demo_rec_01
2.625,0.77006,0.52435,0.924,3.3386,demo_p01,demo_rec_01
2.6333,0.76076,0.56428,0.977,3.3026,demo_p01,demo_rec_01
2.6417,0.77675,0.55483,0.902,3.3049,demo_p01,demo_rec_01
2.65,0.74691,0.53772,0.938,3.3612,demo_p01,demo_rec_01
2.6583,0.73608,0.57902,0.871,3.2635,demo_p01,demo_rec_01
2.6667,0.74552,0.54119,0.943,3.3823,demo_p01,demo_rec_01
2.675,0.75485,0.55064,0.92,3.2595,demo_p01,demo_rec_01
2.6833,0.75353,0.55538,0.883,3.2958,demo_p01,demo_rec_01
2.6917,0.72831,0.53761,0.908,3.4246,demo_p01,demo_rec_01
2.7,0.75181,0.55942,0.911,3.3843,demo_p01,demo_rec_01
2.7083,0.75456,0.53933,0.906,3.3323,demo_p01,demo_rec_01
2.7167,0.80035,0.54177,1.0,3.2798,demo_p01,demo_rec_01
2.725,0.78754,0.57725,0.915,3.2999,demo_p01,demo_rec_01
2.7333,0.73294,0.52919,0.908,3.3295,demo_p01,demo_rec_01
2.7417,0.74425,0.50174,0.815,3.3271,demo_p01,demo_rec_01
2.75,0.72073,0.58222,0.875,3.3202,demo_p01,demo_rec_01
2.7583,0.73819,0.60099,0.907,3.3226,demo_p01,demo_rec_01
2.7667,0.75631,0.54189,0.886,3.3129,demo_p01,demo_rec_01
2.775,0.77412,0.51126,0.989,3.251,demo_p01,demo_rec_01
2.7833,0.73542,0.54379,0.912,3.2967,demo_p01,demo_rec_01
2.7917,0.73692,0.54428,0.984,3.3677,demo_p01,demo_rec_01
2.8,0.70705,0.5462,0.923,3.2529,demo_p01,demo_rec_01
2.8083,0.74675,0.52773,0.922,3.3113,demo_p01,demo_rec_01
2.8167,0.72875,0.56159,0.916,3.2792,demo_p01,demo_rec_01
2.825,0.73941,0.56049,0.92,3.3252,demo_p01,demo_rec_01
2.8333,0.73246,0.52011,1.0,3.2996,demo_p01,demo_rec_01
2.8417,0.74811,0.56398,0.804,3.3923,demo_p01,demo_rec_01
2.85,0.71485,0.59105,0.82,3.3431,demo_p01,demo_rec_01
2.8583,0.72066,0.55344,0.893,3.2516,demo_p01,demo_rec_01
2.8667,0.79258,0.54325,0.921,3.3501,demo_p01,demo_rec_01
2.875,0.72425,0.54716,0.955,3.2772,demo_p01,demo_rec_01
2.8833,0.72806,0.56231,0.944,3.2865,demo_p01,demo_rec_01
2.8917,0.78674,0.51539,0.901,3.3304,demo_p01,demo_rec_01
2.9,0.8081,0.55329,0.971,3.2895,demo_p01,demo_rec_01
2.9083,0.72657,0.54219,0.972,3.3581,demo_p01,demo_rec_01
2.9167,0.74264,0.58696,0.929,3.2741,demo_p01,demo_rec_01
2.925,0.75683,0.54652,0.968,3.2812,demo_p01,demo_rec_01
2.9333,0.78457,0.58336,0.934,3.2787,demo_p01,demo_rec_01
2.9417,0.73026,0.52793,0.892,3.2825,demo_p01,demo_rec_01
2.95,0.74509,0.56175,0.955,3.3651,demo_p01,demo_rec_01
2.9583,0.76555,0.55639,0.926,3.3409,demo_p01,demo_rec_01
2.9667,0.7587,0.53262,0.92,3.3943,demo_p01,demo_rec_01
2.975,0.74248,0.55355,0.994,3.4215,demo_p01,demo_rec_01
2.9833,0.74732,0.57425,0.797,3.2559,demo_p01,demo_rec_01
2.9917,0.7225,0.54352,0.849,3.3103,demo_p01,demo_rec_01
3.0,0.74524,0.51616,0.861,3.2473,demo_p01,demo_rec_01
3.0083,0.74467,0.54965,0.902,3.2665,demo_p01,demo_rec_01
3.0167,0.75464,0.53195,0.907,3.2732,demo_p01,demo_rec_01
3.025,0.73889,0.54315,0.845,3.2511,demo_p01,demo_rec_01
3.0333,0.75943,0.54837,0.871,3.2507,demo_p01,demo_rec_01
3.0417,0.77025,0.51589,0.877,3.2953,demo_p01,demo_rec_01
3.05,0.75311,0.51769,1.0,3.241,demo_p01,demo_rec_01
3.0583,0.75704,0.55964,1.0,3.3432,demo_p01,demo_rec_01
3.0667,0.75106,0.53955,0.899,3.2545,demo_p01,demo_rec_01
3.075,0.75,0.49871,0.902,3.4401,demo_p01,demo_rec_01
3.0833,0.73557,0.5657,0.863,3.2763,demo_p01,demo_rec_01
3.0917,0.75633,0.55545,0.825,3.3018,demo_p01,demo_rec_01
3.1,0.74805,0.53572,0.914,3.2327,demo_p01,demo_rec_01
3.1083,0.79186,0.52366,0.87,3.382,demo_p01,demo_rec_01
3.1167,0.78147,0.56672,0.916,3.3519,demo_p01,demo_rec_01
3.125,0.75772,0.55699,0.84,3.31,demo_p01,demo_rec_01
3.1333,0.73474,0.59765,0.882,3.2271,demo_p01,demo_rec_01
3.1417,0.72775,0.5584,0.927,3.3042,demo_p01,demo_rec_01
3.15,0.77382,0.55775,0.938,3.2368,demo_p01,demo_rec_01
3.1583,0.75525,0.54666,0.941,3.3652,demo_p01,demo_rec_01
3.1667,0.7596,0.56634,0.854,3.3318,demo_p01,demo_rec_01
3.175,0.71511,0.5625,0.963,3.2953,demo_p01,demo_rec_01
3.1833,0.76855,0.57503,0.88,3.1679,demo_p01,demo_rec_01
3.1917,0.75909,0.53957,0.952,3.2398,demo_p01,demo_rec_01
3.2,0.72779,0.54129,0.919,3.3226,demo_p01,demo_rec_01
3.2083,0.74057,0.54042,0.851,3.348,demo_p01,demo_rec_01
3.2167,0.75527,0.56582,0.904,3.342,demo_p01,demo_rec_01
3.225,0.75105,0.57997,0.938,3.2062,demo_p01,demo_rec_01
3.2333,0.74416,0.54082,0.951,3.3,demo_p01,demo_rec_01
3.2417,0.74793,0.5415,0.913,3.3349,demo_p01,demo_rec_01
3.25,0.74496,0.55628,0.997,3.2004,demo_p01,demo_rec_01
3.2583,0.75305,0.54508,0.97,3.2821,demo_p01,demo_rec_01
3.2667,0.77943,0.56904,0.907,3.2954,demo_p01,demo_rec_01
3.275,0.69867,0.50496,0.958,3.2658,demo_p01,demo_rec_01
3.2833,0.74526,0.53347,1.0,3.1874,demo_p01,demo_rec_01
3.2917,0.75353,0.53435,1.0,3.2629,demo_p01,demo_rec_01
3.3,0.75592,0.50359,0.859,3.262,demo_p01,demo_rec_01
3.3083,0.74256,0.53073,0.874,3.2701,demo_p01,demo_rec_01
3.3167,0.71487,0.5317,0.994,3.2485,demo_p01,demo_rec_01
3.325,0.75656,0.54598,0.867,3.2537,demo_p01,demo_rec_01
3.3333,0.78455,0.57226,0.854,3.273,demo_p01,demo_rec_01
3.3417,0.71932,0.5451,0.896,3.2963,demo_p01,demo_rec_01
3.35,0.76728,0.52938,0.941,3.2581,demo_p01,demo_rec_01
3.3583,0.74343,0.54886,0.915,3.252,demo_p01,demo_rec_01
3.3667,0.74877,0.57098,0.887,3.2762,demo_p01,demo_rec_01
3.375,0.72894,0.53048,0.886,3.1747,demo_p01,demo_rec_01
3.3833,0.74331,0.53179,0.884,3.2937,demo_p01,demo_rec_01
3.3917,0.776,0.56117,0.876,3.2689,demo_p01,demo_rec_01
3.4,0.76165,0.54557,1.0,3.2701,demo_p01,demo_rec_01
3.4083,0.78465,0.56295,0.935,3.3153,demo_p01,demo_rec_01
3.4167,0.77355,0.54973,0.964,3.1687,demo_p01,demo_rec_01
3.425,0.75878,0.56403,0.896,3.1668,demo_p01,demo_rec_01
3.4333,0.78488,0.5293,0.911,3.2783,demo_p01,demo_rec_01
3.4417,0.75878,0.54976,0.884,3.2633,demo_p01,demo_rec_01
3.45,0.76656,0.54579,0.787,3.2713,demo_p01,demo_rec_01
3.4583,0.74407,0.52568,0.851,3.2388,demo_p01,demo_rec_01
3.4667,0.75133,0.51873,0.829,3.2942,demo_p01,demo_rec_01
3.475,0.73605,0.56371,0.808,3.3067,demo_p01,demo_rec_01
3.4833,0.76979,0.54298,0.86,3.2834,demo_p01,demo_rec_01
3.4917,0.72643,0.52955,0.986,3.2453,demo_p01,demo_rec_01
3.5,0.76565,0.54808,0.918,3.152,demo_p01,demo_rec_01
3.5083,0.74619,0.57256,0.985,3.295,demo_p01,demo_rec_01
3.5167,0.77342,0.50439,0.941,3.3167,demo_p01,demo_rec_01
3.525,0.76502,0.52007,0.959,3.2869,demo_p01,demo_rec_01
3.5333,0.78641,0.53154,0.875,3.2098,demo_p01,demo_rec_01
3.5417,0.76462,0.57922,0.946,3.2865,demo_p01,demo_rec_01
3.55,0.71856,0.55565,0.956,3.2949,demo_p01,demo_rec_01
3.5583,0.74866,0.56535,0.891,3.3289,demo_p01,demo_rec_01
3.5667,0.72656,0.5272,0.948,3.2063,demo_p01,demo_rec_01
3.575,0.73963,0.52761,0.948,3.2378,demo_p01,demo_rec_01
3.5833,0.78022,0.55896,0.893,3.2856,demo_p01,demo_rec_01
3.5917,0.76275,0.55117,0.864,3.2502,demo_p01,demo_rec_01
3.6,0.73602,0.56097,0.861,3.1905,demo_p01,demo_rec_01
3.6083,0.72973,0.54625,0.924,3.2661,demo_p01,demo_rec_01
3.6167,0.75066,0.55556,0.936,3.2734,demo_p01,demo_rec_01
3.625,0.72567,0.55316,0.88,3.2479,demo_p01,demo_rec_01
3.6333,0.73658,0.56556,0.921,3.2536,demo_p01,demo_rec_01
3.6417,0.75624,0.56614,0.949,3.2287,demo_p01,demo_rec_01
3.65,0.77311,0.5176,0.951,3.3146,demo_p01,demo_rec_01
3.6583,0.76218,0.50505,0.998,3.1947,demo_p01,demo_rec_01
3.6667,0.70417,0.57003,0.984,3.2095,demo_p01,demo_rec_01
3.675,0.75609,0.57375,0.87,3.2384,demo_p01,demo_rec_01
3.6833,0.75144,0.52959,1.0,3.2809,demo_p01,demo_rec_01
3.6917,0.75828,0.5128,0.893,3.1611,demo_p01,demo_rec_01
3.7,0.78232,0.55198,0.972,3.1695,demo_p01,demo_rec_01
3.7083,0.70874,0.56862,0.923,3.1322,demo_p01,demo_rec_01
3.7167,0.73818,0.58595,0.899,3.2347,demo_p01,demo_rec_01
3.725,0.76182,0.56033,0.83,3.1762,demo_p01,demo_rec_01
3.7333,0.71837,0.54257,0.911,3.212,demo_p01,demo_rec_01
3.7417,0.77952,0.53214,0.842,3.2633,demo_p01,demo_rec_01
3.75,0.75737,0.55023,0.968,3.1972,demo_p01,demo_rec_01
3.7583,0.76693,0.54401,0.996,3.2399,demo_p01,demo_rec_01
3.7667,0.73858,0.5297,0.88,3.2124,demo_p01,demo_rec_01
3.775,0.76628,0.59098,0.935,3.26,demo_p01,demo_rec_01
3.7833,0.77137,0.5857,0.884,3.2492,demo_p01,demo_rec_01
3.7917,0.75466,0.57272,0.889,3.1898,demo_p01,demo_rec_01
3.8,0.75469,0.53158,0.959,3.215,demo_p01,demo_rec_01
3.8083,0.75541,0.5671,0.918,3.2747,demo_p01,demo_rec_01
3.8167,0.73273,0.56279,1.0,3.2412,demo_p01,demo_rec_01
3.825,0.74705,0.55885,0.896,3.1507,demo_p01,demo_rec_01
3.8333,0.74695,0.57499,0.97,3.2524,demo_p01,demo_rec_01
3.8417,0.75767,0.56271,0.925,3.1644,demo_p01,demo_rec_01
3.85,0.77,0.5648,0.96,3.2883,demo_p01,demo_rec_01
3.8583,0.72883,0.56274,0.898,3.2679,demo_p01,demo_rec_01
3.8667,0.7475,0.55682,0.918,3.2302,demo_p01,demo_rec_01
3.875,0.77963,0.51433,0.914,3.2226,demo_p01,demo_rec_01
3.8833,0.73513,0.55167,0.878,3.2033,demo_p01,demo_rec_01
3.8917,0.73355,0.53888,0.953,3.2467,demo_p01,demo_rec_01
3.9,0.75405,0.5244,0.953,3.1932,demo_p01,demo_rec_01
3.9083,0.76689,0.58364,0.95,3.2226,demo_p01,demo_rec_01
3.9167,0.75023,0.58458,0.997,3.2534,demo_p01,demo_rec_01
3.925,0.77658,0.57718,0.992,3.1807,demo_p01,demo_rec_01
3.9333,0.76714,0.5551,0.901,3.177,demo_p01,demo_rec_01
3.9417,0.76684,0.57701,0.939,3.1472,demo_p01,demo_rec_01
3.95,0.76108,0.55024,0.889,3.1527,demo_p01,demo_rec_01
3.9583,0.79655,0.55406,0.921,3.1135,demo_p01,demo_rec_01
3.9667,0.7459,0.52813,0.89,3.2404,demo_p01,demo_rec_01
3.975,0.70993,0.55794,1.0,3.2934,demo_p01,demo_rec_01
3.9833,0.78209,0.55121,0.938,3.2732,demo_p01,demo_rec_01
3.9917,0.74085,0.52395,0.909,3.1197,demo_p01,demo_rec_01
4.0,0.75216,0.54898,0.98,3.2362,demo_p01,demo_rec_01
4.0083,0.77619,0.54841,0.811,3.2701,demo_p01,demo_rec_01
4.0167,0.71795,0.58595,0.819,3.1752,demo_p01,demo_rec_01
4.025,0.72497,0.56788,0.96,3.2021,demo_p01,demo_rec_01
4.0333,0.71797,0.55023,0.923,3.0957,demo_p01,demo_rec_01
4.0417,0.73412,0.55498,0.933,3.2084,demo_p01,demo_rec_01
4.05,0.75879,0.55088,0.854,3.1409,demo_p01,demo_rec_01
4.0583,0.76048,0.54594,0.919,3.2031,demo_p01,demo_rec_01
4.0667,0.75553,0.52835,1.0,3.1141,demo_p01,demo_rec_01
4.075,0.72174,0.54698,0.961,3.2183,demo_p01,demo_rec_01
4.0833,0.7038,0.53508,0.928,3.2414,demo_p01,demo_rec_01
4.0917,0.75109,0.52499,0.898,3.1501,demo_p01,demo_rec_01
4.1,0.74056,0.56022,0.9,3.1314,demo_p01,demo_rec_01
4.1083,0.75919,0.55783,0.814,3.0795,demo_p01,demo_rec_01
4.1167,0.76404,0.51427,0.933,3.173,demo_p01,demo_rec_01
4.125,0.75276,0.54755,0.962,3.1562,demo_p01,demo_rec_01
4.1333,0.7652,0.56991,0.841,3.1068,demo_p01,demo_rec_01
4.1417,0.75458,0.57118,0.887,3.206,demo_p01,demo_rec_01
4.15,0.7606,0.57052,0.862,3.1599,demo_p01,demo_rec_01
4.1583,0.73591,0.55078,0.872,3.1276,demo_p01,demo_rec_01
4.1667,0.75,0.55,0.923,3.1527,demo_p01,demo_rec_01
4.175,0.74646,0.54798,0.816,3.233,demo_p01,demo_rec_01
4.1833,0.74293,0.54596,0.951,3.2086,demo_p01,demo_rec_01
4.1917,0.73939,0.54394,0.958,3.171,demo_p01,demo_rec_01
4.2,0.73586,0.54192,0.907,3.2075,demo_p01,demo_rec_01
4.2083,0.73232,0.5399,0.796,3.1175,demo_p01,demo_rec_01
4.2167,0.72879,0.53788,0.87,3.1762,demo_p01,demo_rec_01
4.225,0.72525,0.53586,0.982,3.181,demo_p01,demo_rec_01
4.2333,0.72172,0.53384,0.781,3.1492,demo_p01,demo_rec_01
4.2417,0.71818,0.53182,0.903,3.1935,demo_p01,demo_rec_01
4.25,0.71465,0.5298,0.861,3.1317,demo_p01,demo_rec_01
4.2583,0.71111,0.52778,0.96,3.1953,demo_p01,demo_rec_01
4.2667,0.70758,0.52576,0.886,3.1964,demo_p01,demo_rec_01
4.275,0.70404,0.52374,0.94,3.022,demo_p01,demo_rec_01
4.2833,0.70051,0.52172,0.948,3.2264,demo_p01,demo_rec_01
4.2917,0.69697,0.5197,1.0,3.0136,demo_p01,demo_rec_01
4.3,0.69343,0.51768,0.91,3.1342,demo_p01,demo_rec_01
4.3083,0.6899,0.51566,0.939,3.2153,demo_p01,demo_rec_01
4.3167,0.68636,0.51364,0.846,3.1472,demo_p01,demo_rec_01
4.325,0.68283,0.51162,0.98,3.0888,demo_p01,demo_rec_01
4.3333,0.67929,0.5096,0.882,3.1065,demo_p01,demo_rec_01
4.3417,0.67576,0.50758,0.892,3.2116,demo_p01,demo_rec_01
4.35,0.67222,0.50556,0.919,3.0632,demo_p01,demo_rec_01
4.3583,0.66869,0.50354,0.842,3.2148,demo_p01,demo_rec_01
4.3667,0.66515,0.50152,0.931,3.1546,demo_p01,demo_rec_01
4.375,0.66162,0.49949,0.968,3.0968,demo_p01,demo_rec_01
4.3833,0.65808,0.49747,0.935,3.1264,demo_p01,demo_rec_01
4.3917,0.65455,0.49545,0.841,3.1037,demo_p01,demo_rec_01
4.4,0.65101,0.49343,0.914,3.197,demo_p01,demo_rec_01
4.4083,0.64747,0.49141,0.957,3.1893,demo_p01,demo_rec_01
4.4167,0.64394,0.48939,0.826,3.0658,demo_p01,demo_rec_01
4.425,0.6404,0.48737,0.866,3.1307,demo_p01,demo_rec_01
4.4333,0.63687,0.48535,0.964,3.1068,demo_p01,demo_rec_01
4.4417,0.63333,0.48333,0.934,3.2137,demo_p01,demo_rec_01
4.45,0.6298,0.48131,0.941,3.0806,demo_p01,demo_rec_01
4.4583,0.62626,0.47929,1.0,3.2274,demo_p01,demo_rec_01
4.4667,0.62273,0.47727,0.943,3.1446,demo_p01,demo_rec_01
4.475,0.61919,0.47525,0.953,3.0872,demo_p01,demo_rec_01
4.4833,0.61566,0.47323,1.0,3.1106,demo_p01,demo_rec_01
4.4917,0.61212,0.47121,0.909,3.1034,demo_p01,demo_rec_01
4.5,0.60859,0.46919,0.88,3.0789,demo_p01,demo_rec_01
4.5083,0.60505,0.46717,0.941,3.1464,demo_p01,demo_rec_01
4.5167,0.60152,0.46515,0.942,3.0794,demo_p01,demo_rec_01
4.525,0.59798,0.46313,0.894,3.0309,demo_p01,demo_rec_01
4.5333,0.59444,0.46111,0.868,3.12,demo_p01,demo_rec_01
4.5417,0.59091,0.45909,1.0,3.048,demo_p01,demo_rec_01
4.55,0.58737,0.45707,0.936,3.0996,demo_p01,demo_rec_01
4.5583,0.58384,0.45505,0.883,3.0909,demo_p01,demo_rec_01
4.5667,0.5803,0.45303,0.966,3.0919,demo_p01,demo_rec_01
4.575,0.57677,0.45101,0.915,3.2346,demo_p01,demo_rec_01
4.5833,0.57323,0.44899,0.907,3.1365,demo_p01,demo_rec_01
4.5917,0.5697,0.44697,0.948,3.145,demo_p01,demo_rec_01
4.6,0.56616,0.44495,0.855,3.0431,demo_p01,demo_rec_01
4.6083,0.56263,0.44293,0.938,3.0983,demo_p01,demo_rec_01
4.6167,0.55909,0.44091,1.0,3.1409,demo_p01,demo_rec_01
4.625,0.55556,0.43889,0.943,3.0781,demo_p01,demo_rec_01
4.6333,0.55202,0.43687,0.901,3.1738,demo_p01,demo_rec_01
4.6417,0.54848,0.43485,0.895,3.0674,demo_p01,demo_rec_01
4.65,0.54495,0.43283,0.899,3.1124,demo_p01,demo_rec_01
4.6583,0.54141,0.43081,0.907,3.0965,demo_p01,demo_rec_01
4.6667,0.53788,0.42879,0.901,3.1332,demo_p01,demo_rec_01
4.675,0.53434,0.42677,0.966,3.0921,demo_p01,demo_rec_01
4.6833,0.53081,0.42475,0.833,3.1098,demo_p01,demo_rec_01
4.6917,0.52727,0.42273,0.963,3.1107,demo_p01,demo_rec_01
4.7,0.52374,0.42071,0.901,3.0849,demo_p01,demo_rec_01
4.7083,0.5202,0.41869,0.939,3.145,demo_p01,demo_rec_01
4.7167,0.51667,0.41667,0.864,3.1319,demo_p01,demo_rec_01
4.725,0.51313,0.41465,0.986,3.1147,demo_p01,demo_rec_01
4.7333,0.5096,0.41263,0.982,3.0968,demo_p01,demo_rec_01
4.7417,0.50606,0.41061,0.968,3.1573,demo_p01,demo_rec_01
4.75,0.50253,0.40859,0.844,3.1049,demo_p01,demo_rec_01
4.7583,0.49899,0.40657,0.961,3.1005,demo_p01,demo_rec_01
4.7667,0.49545,0.40455,0.94,3.1203,demo_p01,demo_rec_01
4.775,0.49192,0.40253,0.84,3.1991,demo_p01,demo_rec_01
4.7833,0.48838,0.40051,0.919,3.0464,demo_p01,demo_rec_01
4.7917,0.48485,0.39848,0.938,3.1511,demo_p01,demo_rec_01
4.8,0.48131,0.39646,0.948,3.0172,demo_p01,demo_rec_01
4.8083,0.47778,0.39444,0.929,3.1219,demo_p01,demo_rec_01
4.8167,0.47424,0.39242,0.935,3.189,demo_p01,demo_rec_01
4.825,0.47071,0.3904,0.994,3.1339,demo_p01,demo_rec_01
4.8333,0.46717,0.38838,0.981,3.1172,demo_p01,demo_rec_01
4.8417,0.46364,0.38636,0.777,3.0799,demo_p01,demo_rec_01
4.85,0.4601,0.38434,0.904,3.1087,demo_p01,demo_rec_01
4.8583,0.45657,0.38232,0.912,3.0938,demo_p01,demo_rec_01
4.8667,0.45303,0.3803,0.832,3.0663,demo_p01,demo_rec_01
4.875,0.44949,0.37828,0.925,3.0903,demo_p01,demo_rec_01
4.8833,0.44596,0.37626,0.982,3.114,demo_p01,demo_rec_01
4.8917,0.44242,0.37424,0.866,3.065,demo_p01,demo_rec_01
4.9,0.43889,0.37222,0.937,3.0623,demo_p01,demo_rec_01
4.9083,0.43535,0.3702,0.874,3.0338,demo_p01,demo_rec_01
4.9167,0.43182,0.36818,0.886,3.1206,demo_p01,demo_rec_01
4.925,0.42828,0.36616,0.994,3.1276,demo_p01,demo_rec_01
4.9333,0.42475,0.36414,0.893,3.1112,demo_p01,demo_rec_01
4.9417,0.42121,0.36212,0.943,3.1472,demo_p01,demo_rec_01
4.95,0.41768,0.3601,0.826,3.1026,demo_p01,demo_rec_01
4.9583,0.41414,0.35808,1.0,3.1171,demo_p01,demo_rec_01
4.9667,0.41061,0.35606,0.95,3.1119,demo_p01,demo_rec_01
4.975,0.40707,0.35404,0.911,3.0915,demo_p01,demo_rec_01
4.9833,0.40354,0.35202,0.949,3.0688,demo_p01,demo_rec_01
4.9917,0.4,0.35,0.85,3.2053,demo_p01,demo_rec_01
